stamp_s,x_m,y_m,yaw_rad,ot_overlap
9.79999978,89631.41619999999,43127.8084,2.2156431379735895,0
9.949999777,89631.4161,43127.8085,2.2156101074831214,0
9.999999776,89631.41619999999,43127.8085,2.2156008681230785,0
10.099999774,89631.4163,43127.8084,2.2155803566902383,0
10.199999772,89631.41619999999,43127.812600000005,2.215564840987332,0
10.24999977,89631.4083,43127.8165,2.2152852363565527,0
10.349999768,89631.4006,43127.8317,2.2134431717716327,0
10.399999767,89631.3929,43127.8438,2.211689022385725,0
10.499999765,89631.3771,43127.8669,2.205512229030373,0
10.599999763,89631.3538,43127.8983,2.1950205183413014,0
10.649999761,89631.3459,43127.9182,2.187522612200115,0
10.749999759,89631.3148,43127.960900000005,2.171232340312582,0
10.799999758,89631.299,43127.9844,2.1631869316269765,0
10.949999755,89631.2443,43128.0665,2.1323490274550254,0
10.999999754000001,89631.2288,43128.0977,2.123136487951926,0
11.099999751,89631.1896,43128.1679,2.105088164864876,0
11.199999749,89631.14259999999,43128.2462,2.0886551968448654,0
11.249999748,89631.1271,43128.2851,2.080206972201299,0
11.349999746,89631.0726,43128.375,2.06388796606911,0
11.399999745,89631.0489,43128.4219,2.056943409259708,0
11.499999742,89631.0019,43128.527200000004,2.043077766007165,0
11.59999974,89630.9475,43128.636600000005,2.029342761844199,0
11.649999739,89630.91619999999,43128.6953,2.0227220766421707,0
11.749999737,89630.8615,43128.820400000004,2.0105197161009185,0
11.799999736,89630.8303,43128.886600000005,2.0043959597938144,0
11.899999734,89630.7756,43129.0232,1.9919826695103695,0
11.999999731,89630.7131,43129.171800000004,1.9809441731531041,0
12.04999973,89630.6817,43129.2462,1.9755614318370611,0
12.099999729,89630.6505,43129.3243,1.9705690706499313,0
12.149999728,89630.6115,43129.4063,1.967002584446822,0
12.199999727,89630.5803,43129.488300000005,1.9636016945749735,0
12.249999726,89630.549,43129.5743,1.9604331058137012,0
12.299999725,89630.5178,43129.6601,1.9571017264815165,0
12.349999723,89630.47869999999,43129.749800000005,1.9547568452665856,0
12.399999722,89630.4475,43129.839700000004,1.9528318302859757,0
12.449999721,89630.4163,43129.9335,1.9512136368553104,0
12.549999719,89630.3459,43130.125,1.9489100655445328,0
12.649999717,89630.2678,43130.320400000004,1.947989106324734,0
12.699999716,89630.22869999999,43130.4256,1.9485867700116828,0
12.799999713,89630.1506,43130.6368,1.9509738344314165,0
12.899999711,89630.0725,43130.855500000005,1.9565159329141149,0
12.94999971,89630.0256,43130.9688,1.9605009535237892,0
12.999999709,89629.9863,43131.081900000005,1.9647209739083022,0
13.049999708,89629.9397,43131.199,1.9700762595614483,0
13.149999706,89629.8459,43131.437300000005,1.9830893917260952,0
13.199999704,89629.7989,43131.5585,1.9910524288396094,0
13.299999702000001,89629.6895,43131.8046,2.01141507858932,0
13.349999701,89629.635,43131.9335,2.022615629933506,0
13.3999997,89629.5803,43132.0585,2.031749503113724,0
13.449999699,89629.5177,43132.187600000005,2.043730628331295,0
13.499999698,89629.455,43132.3165,2.055645926322741,0
13.599999696,89629.3303,43132.581900000005,2.0815579575918974,0
13.649999694,89629.2599,43132.7148,2.091682892798205,0
13.699999693,89629.1818,43132.8475,2.101932579741952,0
13.799999691,89629.0336,43133.1171,2.11824956450791,0
13.84999969,89628.9476,43133.250100000005,2.12555530855016,0
13.999999687,89628.6975,43133.664000000004,2.1437831772184954,0
14.049999685,89628.6115,43133.8046,2.149395961453564,0
14.149999683,89628.424,43134.086,2.1609531460317073,0
14.199999682,89628.3381,43134.230200000005,2.1667416340432446,0
14.29999968,89628.1428,43134.5155,2.177286186499812,0
14.399999678,89627.9396,43134.804500000006,2.185576152815528,0
14.449999677,89627.838,43134.953,2.1884869470321124,0
14.549999674,89627.6271,43135.249800000005,2.1934524408636165,0
14.599999673,89627.5179,43135.4024,2.1950929797064274,0
14.699999671,89627.2989,43135.707,2.1972303625506098,0
14.799999669,89627.0726,43136.019400000005,2.197626571962034,0
14.849999668,89626.9554,43136.179500000006,2.1973211967398623,0
14.999999664,89626.19271468637,43136.87539685255,2.19496011046414,0
15.049999663,89626.06137299372,43137.03502205705,2.1946646026161867,0
15.149999661,89625.82111589878,43137.37253500404,2.192315998507491,0
15.19999966,89625.710314929,43137.54532054931,2.189373353432657,0
15.299999658,89625.45618817049,43137.88600794473,2.1818326556558656,0
15.399999655,89625.21675164187,43138.24335020994,2.171467461161407,0
15.449999654,89625.09551790425,43138.42970920749,2.166305311263803,0
15.549999652,89624.86032741326,43138.801297899015,2.1548555745268074,0
15.599999651000001,89624.73095785531,43138.9858863261,2.1491199622616293,0
15.699999649,89624.49881352465,43139.378877571144,2.1385336102072863,0
15.799999646,89624.24490186221,43139.77125542644,2.130474474681236,0
15.849999645,89624.13367156222,43139.974142155195,2.1276415704460883,0
15.999999642,89623.75619916736,43140.589567778865,2.120048681281898,0
16.049999641,89623.64562269177,43140.800678872765,2.11781226293944,0
16.09999964,89623.5160193734,43141.008656829654,2.115575844596981,0
16.149999639,89623.3925625076,43141.224680997366,2.113237670780163,0
16.199999637,89623.26753676371,43141.439266004076,2.111094802143894,0
16.249999636,89623.14420386955,43141.658986041,2.1088770527358234,0
16.299999635,89623.00616543232,43141.874626466924,2.1063653884789337,0
16.449999632,89622.63808523059,43142.546939529944,2.0976588271789725,0
16.54999963,89622.38242748589,43143.00492054848,2.0928599201792792,0
16.599999628,89622.24530034036,43143.233439739706,2.090929770734002,0
16.649999627,89622.12727750471,43143.47126779898,2.0888816901722187,0
16.699999626,89622.00312660383,43143.70606063676,2.087284653839639,0
16.799999624,89621.73280628356,43144.17635488042,2.085833203620338,0
16.849999623,89621.61356435274,43144.417867026474,2.086015735635062,0
16.949999621,89621.34352517576,43144.89963922071,2.088082495503272,0
16.99999962,89621.21118199707,43145.1420799556,2.0898094149367674,0
17.049999618,89621.0796511981,43145.388669957705,2.09155121198693,0
17.099999617,89620.93345449316,43145.631714991,2.0938092629903338,0
17.149999616,89620.79258538826,43145.8777754684,2.0966552721671814,0
17.199999615,89620.66721427928,43146.13211338278,2.100041957522736,0
17.299999613,89620.36903305119,43146.62684722204,2.108580866064378,0
17.349999612,89620.23150409127,43146.87868124623,2.1131083491863114,0
17.399999611,89620.07808471998,43147.125776954206,2.117501024548335,0
17.499999608,89619.76975948681,43147.63132326213,2.126866118113201,0
17.599999606,89619.4664656851,43148.14404475396,2.134703972379328,0
17.649999605,89619.30908822731,43148.39706411218,2.137974528694238,0
17.749999603,89618.99036964226,43148.91372901513,2.1444822021711136,0
17.799999602,89618.82136189444,43149.16868349322,2.148330296267474,0
17.899999599,89618.48532337944,43149.68805899114,2.157116616198464,0
17.949999598,89618.31057291385,43149.94778793503,2.1626582321057115,0
17.999999597,89618.13831706053,43150.209585600525,2.1689654247391883,0
18.049999596,89617.96610275962,43150.47111044793,2.1759488476151505,0
18.099999595,89617.78407019009,43150.73495550452,2.183621451103879,0
18.149999594,89617.60287985888,43150.995572722335,2.191379834897008,0
18.199999593,89617.41122602527,43151.2542904439,2.1990263119165894,0
18.249999592,89617.23689202724,43151.52376735721,2.206023952219006,0
18.29999959,89617.03212475024,43151.77886709996,2.2124412825001105,0
18.449999587,89616.4458827332,43152.567486500455,2.224011768726172,0
18.499999586,89616.2405408778,43152.83159258829,2.2238140815283667,0
18.549999585,89616.04907547173,43153.10006704918,2.222996325761204,0
18.599999584,89615.84217741025,43153.36264407676,2.2192308106813106,0
18.649999583,89615.64029545744,43153.63342063519,2.2141329968971757,0
18.699999582,89615.43861780435,43153.90778519975,2.206247178608342,0
18.799999579,89615.0337437634,43154.45973736184,2.185991545796258,0
18.849999578,89614.84364327836,43154.74424929562,2.172934734458466,0
18.949999576,89614.45447725015,43155.31583952767,2.139777339555187,0
18.999999575,89614.27431583783,43155.613499142724,2.119796406216664,0
19.049999574,89614.0890572537,43155.916139962246,2.0990519602300832,0
19.149999571,89613.74831409023,43156.53160351703,2.053476388361793,0
19.19999957,89613.5766641601,43156.84038709996,2.02834773683181,0
19.299999568,89613.27647679903,43157.48746366777,1.9752059932754766,0
19.399999566,89613.02041309765,43158.155253771285,1.920630322025457,0
19.449999565,89612.90146774503,43158.49369200717,1.8930796450351888,0
19.549999563,89612.68667772389,43159.18113226341,1.8367232086862029,0
19.599999561,89612.59111460784,43159.530875078104,1.807543284143251,0
19.699999559,89612.44414911387,43160.242052433925,1.7432109110041258,0
19.749999558,89612.37935813631,43160.59887978509,1.7071208195197998,0
19.849999556,89612.30790794504,43161.32879958079,1.6294163739289362,0
19.949999554,89612.28593779901,43162.06066880134,1.54459382214075,0
20.049999551,89612.33697583411,43162.79086467304,1.4443760636895686,0
20.09999955,89612.38706648543,43163.15301309887,1.387837260218203,0
20.199999548,89612.54794226718,43163.86343235555,1.2680389767302302,0
20.249999547,89612.65312130329,43164.21208664505,1.2064371687417692,0
20.299999546,89612.78866555382,43164.542416875185,1.1396177677902044,0
20.399999544,89613.12750588403,43165.17230403231,1.008113577145835,0
20.499999541,89613.52739236067,43165.75131943988,0.8731033637778871,0
20.599999539,89614.02030100928,43166.26501950509,0.731828302892485,0
20.649999538,89614.29116273117,43166.4942493494,0.6586638446922211,0
20.699999537,89614.57671590174,43166.703167683074,0.5849112220616923,0
20.749999536,89614.87648487315,43166.89154980689,0.5081288401922558,0
20.799999535,89615.19269139251,43167.05371460556,0.43678153571976047,0
20.899999532,89615.85682849938,43167.31897142899,0.3050678567348122,0
20.99999953,89616.53939113078,43167.495172041745,0.20091631734923404,0
21.099999528,89617.23283839952,43167.59788131711,0.10519417489735806,0
21.149999527,89617.5862605196,43167.62929807918,0.05423608152552849,0
21.199999526,89617.93120426347,43167.638490568504,-0.0029688350989752806,0
21.299999523,89618.62674417223,43167.60166895536,-0.12166304135730004,0
21.399999521,89619.31101586536,43167.47598604386,-0.22857938614312429,0
21.44999952,89619.65252974675,43167.39036301954,-0.282329951807576,0
21.499999519,89619.98484404899,43167.28175890658,-0.33860117952765334,0
21.599999517,89620.64040434972,43167.018153197205,-0.4374365691593975,0
21.649999516,89620.95567067739,43166.86161916968,-0.4907575589193863,0
21.699999514,89621.26150800088,43166.683651846,-0.5416438035562814,0
21.749999513,89621.56895587068,43166.49512837029,-0.5895685844730618,0
21.799999512,89621.85787383134,43166.28679915192,-0.6354946602792232,0
21.89999951,89622.41487835602,43165.838450640076,-0.721130963106946,0
21.999999508,89622.94064646609,43165.342612203574,-0.8002771409765922,0
22.049999507,89623.19168342363,43165.07788790432,-0.8373624558871963,0
22.099999506,89623.42518994291,43164.80398419143,-0.8712356658003445,0
22.199999503,89623.8801837748,43164.22950737931,-0.9363352252882716,0
22.249999502,89624.09181464973,43163.92762037396,-0.9656724625239057,0
22.299999501,89624.29764258779,43163.62289943638,-0.9929943566839375,0
22.399999499,89624.69414121145,43162.98755490766,-1.0418414191309806,0
22.449999498,89624.87333717158,43162.662052222564,-1.062335864658031,0
22.499999497,89625.04687855266,43162.330507979575,-1.0779995602121877,0
22.549999495,89625.22518051772,43161.99770122532,-1.0899862794300397,0
22.599999494,89625.40387525645,43161.66136042782,-1.1003691910657967,0
22.699999492,89625.73024053627,43160.976759364574,-1.1147327414156267,0
22.749999491,89625.90417477876,43160.63010180108,-1.1194287809594794,0
22.79999949,89626.06525284852,43160.284785083306,-1.1224511217698931,0
22.949999487,89626.56306403359,43159.22924552963,-1.129158030321415,0
22.999999485,89626.73841639847,43158.87539274832,-1.131467871681915,0
23.099999483,89627.06209303197,43158.16244805873,-1.1357160161682012,0
23.199999481,89627.39592519627,43157.43860421438,-1.139089918511416,0
23.299999479,89627.73604946594,43156.714055756886,-1.1421661673505992,0
23.349999478,89627.89515389851,43156.344857736956,-1.1439442174008372,0
23.399999476,89628.07015732798,43155.97507027258,-1.145826687817336,0
23.499999474,89628.40605346276,43155.232668482655,-1.1497609809621325,0
23.549999473,89628.56484955695,43154.85547139175,-1.151501817227969,0
23.649999471,89628.90084955694,43154.101771391746,-1.150895788328371,0
23.69999947,89629.0751914016,43153.71970897702,-1.1490169317365875,0
23.799999468,89629.41910928981,43152.958117009075,-1.1404482411638495,0
23.899999465,89629.77456455353,43152.19413308981,-1.1270495196716148,0
23.999999463,89630.14566690638,43151.43045337367,-1.110127772706379,0
24.099999461,89630.53223184925,43150.66693741705,-1.0925531481997068,0
24.14999946,89630.72743486211,43150.28398792269,-1.083917143926943,0
24.249999457,89631.13753267434,43149.52031151648,-1.066234459666865,0
24.299999456,89631.3526824282,43149.14352759005,-1.0575058641317603,0
24.399999454,89631.7863187104,43148.384144198506,-1.0399890020531148,0
24.449999453,89632.0051187104,43148.0052441985,-1.0308153574498506,0
24.549999451,89632.47255368588,43147.25157010741,-1.0115792413117985,0
24.59999945,89632.70710198757,43146.87259998599,-1.0020285475610196,0
24.699999447,89633.19461771725,43146.1208222995,-0.9865511079807643,0
24.799999445,89633.69879542924,43145.37344917798,-0.9755716977393176,0
24.849999444,89633.94893535947,43144.998375796364,-0.9720866270383957,0
24.999999441,89634.72544600384,43143.875782458344,-0.9678252514973624,0
25.04999944,89634.98311266034,43143.500390801324,-0.9688447905427104,0
25.149999437,89635.50739197178,43142.739566810866,-0.9709240425822502,0
25.249999435,89636.03012461259,43141.97319901202,-0.9695309419890075,0
25.299999434,89636.28557870464,43141.58864048235,-0.9660710750361964,0
25.399999432,89636.83068533594,43140.82740316339,-0.9520279201716579,0
25.49999943,89637.38137523303,43140.06473535465,-0.9295413618113256,0
25.549999428,89637.66276717225,43139.68562937102,-0.9128386065348831,0
25.649999426,89638.24676855307,43138.94766333578,-0.8674313919195761,0
25.699999425,89638.55772697886,43138.589830291116,-0.8346429588683362,0
25.749999424,89638.88602067613,43138.24532105008,-0.7995784772050785,0
25.799999423,89639.20953892177,43137.90850372894,-0.7551688818553015,0
25.899999421,89639.91514372012,43137.29859257923,-0.6278599843623011,0
25.949999419,89640.30277189559,43137.036939518395,-0.5509656486602209,0
25.999999418,89640.69413613417,43136.79905193111,-0.4730098659816162,0
26.049999417,89641.1026151575,43136.59758133241,-0.3858791470530277,0
26.099999416,89641.52668317682,43136.4336116351,-0.29397859914825847,0
26.149999415,89641.95758103515,43136.316350947054,-0.19836227871013523,0
26.199999414,89642.39361025394,43136.236918355076,-0.09886731687761176,0
26.249999413,89642.83548686835,43136.19753044738,0.009878502676027627,0
26.299999412,89643.26753269216,43136.20301320108,0.12312186249973249,0
26.399999409,89644.11441968633,43136.37772773127,0.32572830057120006,0
26.499999407,89644.88911473805,43136.70771166347,0.48811731031935796,0
26.549999406,89645.2471204003,43136.91511442958,0.5670906233696484,0
26.599999405,89645.59812326006,43137.14527663025,0.6407349831052411,0
26.649999404,89645.91362099518,43137.40271871131,0.7173444877975824,0
26.699999403,89646.21600898053,43137.67331781997,0.7954761030137001,0
26.7999994,89646.73034576829,43138.296364342394,0.9779455737123316,0
26.949999397,89647.28398305042,43139.35555268747,1.2395724633075464,0
26.999999396,89647.39220206153,43139.73689762829,1.3198237019881165,0
27.099999394,89647.53607348485,43140.512572725325,1.4597562944708318,0
27.199999392,89647.57028057003,43141.29462672256,1.5525085277464146,0
27.24999939,89647.56798047756,43141.68154432185,1.5957951939910633,0
27.349999388,89647.50744091418,43142.45482196673,1.6905774149232435,0
27.399999387,89647.44483996829,43142.83607743876,1.7370984543219743,0
27.499999385,89647.28347592983,43143.59816000249,1.8174581938062049,0
27.599999383,89647.05236093859,43144.34734688413,1.8890847409935796,0
27.649999381,89646.9171840576,43144.715324322045,1.9223002977422476,0
27.749999379,89646.61247149338,43145.443789644116,1.9868404124866164,0
27.799999378,89646.43977696139,43145.80315161785,2.016016584557945,0
27.949999375,89645.87372185828,43146.85617479167,2.0879972315603235,0
28.049999373,89645.45910754392,43147.54653082059,2.1243282827882295,0
28.099999371,89645.23404957466,43147.88254326272,2.140727254778141,0
28.14999937,89645.01635871564,43148.22711783261,2.1554571585848774,0
28.199999369,89644.78431344991,43148.559419614976,2.165764765489228,0
28.249999368,89644.54773800242,43148.8977688134,2.1762694162893603,0
28.299999367,89644.31190866494,43149.23254635898,2.1826971649611266,0
28.349999366,89644.06684769085,43149.56637510692,2.187593469742216,0
28.399999365,89643.82462457466,43149.90255845585,2.190209826155069,0
28.449999364,89643.58317827605,43150.242942242694,2.1926000842732254,0
28.499999362,89643.32901675536,43150.57543564188,2.192955457777217,0
28.549999361,89643.09130805908,43150.91890602105,2.1918130488857215,0
28.699999358,89642.34873380889,43151.945696017436,2.1836395337868906,0
28.749999357,89642.09792712938,43152.293132298866,2.1804760803227476,0
28.849999355,89641.60729139704,43152.9933364261,2.174341308113699,0
28.949999352,89641.11602212866,43153.7047651368,2.1682501490049,0
29.04999935,89640.63456805733,43154.42184339917,2.165088726859969,0
29.099999349,89640.38405756833,43154.78468874519,2.1637972915656056,0
29.199999347,89639.90276042966,43155.50938804094,2.162852900468875,0
29.299999345,89639.41053294427,43156.23586972995,2.1629056808643274,0
29.349999343,89639.15826498947,43156.6017094337,2.1633316784358585,0
29.399999342,89638.91949885103,43156.970976164426,2.1638383554529566,0
29.49999934,89638.4270892635,43157.70110388233,2.1661988633911795,0
29.599999338,89637.92390497302,43158.43363665365,2.1695345497825955,0
29.649999337,89637.67404497176,43158.800963873044,2.171917519028321,0
29.749999335,89637.16323159766,43159.53321231257,2.178430374324274,0
29.799999333,89636.9173067883,43159.90701512617,2.18289630697182,0
29.94999933,89636.13189766317,43161.00575866724,2.197507885525932,0
30.049999328,89635.59759442946,43161.737747910185,2.2091895262146077,0
30.099999327,89635.32135510429,43162.1029641924,2.2151747438953278,0
30.199999324,89634.77040300008,43162.82636340923,2.2271000627999693,0
30.299999322,89634.2159319313,43163.557363194384,2.2372989752407015,0
30.39999932,89633.64553040327,43164.2797846285,2.2453874094503887,0
30.449999319,89633.3526092671,43164.636068558735,2.248848626439296,0
30.499999318,89633.06444411393,43165.00009688043,2.2513151147316295,0
30.549999317,89632.7640699238,43165.356698862524,2.251707846284369,0
30.599999316,89632.47887428304,43165.72300046027,2.251442752393557,0
30.649999314,89632.17906073446,43166.08431276684,2.250113590848412,0
30.749999312,89631.59445419915,43166.81550155831,2.245572720746787,0
30.799999311,89631.29736707408,43167.18253110137,2.242888610740942,0
30.899999309000002,89630.71278601837,43167.92581122904,2.238677187526273,0
30.949999308,89630.42586561125,43168.298490222434,2.237589743260755,0
30.999999307,89630.12785507964,43168.672760966016,2.237084562350474,0
31.099999304,89629.54239049707,43169.4232402148,2.2397351923360347,0
31.199999302,89628.94795480669,43170.17268165339,2.2482120201777653,0
31.249999301,89628.65111584173,43170.547550811774,2.2544671297218035,0
31.2999993,89628.34259845217,43170.915351883,2.262113802337014,0
31.399999298,89627.72193924399,43171.65085775188,2.2848835415880835,0
31.499999295,89627.0855428664,43172.37832650611,2.312603545457469,0
31.549999294,89626.7545420141,43172.735244945216,2.324395722610543,0
31.599999293,89626.42502661228,43173.08913753802,2.334605052549119,0
31.699999291,89625.74012641153,43173.787398796485,2.3414276887112697,0
31.799999289,89625.07055341016,43174.48875058382,2.3277120305801366,0
31.849999288,89624.73431488851,43174.84011822878,2.3145373238008395,0
31.999999284,89623.7673312209,43175.94285013121,2.2557417171217975,0
32.049999283,89623.46877428367,43176.322912684256,2.2346885153207756,0
32.149999281,89622.884261311,43177.103340034766,2.1911975257573735,0
32.19999928,89622.59637452972,43177.498759898175,2.1679141909908233,0
32.299999278,89622.06861227885,43178.315110212105,2.11318584149459,0
32.399999275,89621.58998705461,43179.163361745166,2.039236899323871,0
32.449999274,89621.37100444983,43179.59712529996,1.9924251505724047,0
32.499999273,89621.19091643766,43180.04201837442,1.9360613580163493,0
32.549999272,89621.02053842416,43180.49550393964,1.8788191708489985,0
32.599999271,89620.87662851666,43180.95689829552,1.8164935187170046,0
32.64999927,89620.76759356014,43181.42272132801,1.7546921889386011,0
32.699999269,89620.69120392091,43181.895669780824,1.6804048106008909,0
32.799999266,89620.64328747295,43182.84167916098,1.5200553550099605,0
32.949999263,89620.8658543222,43184.21158767586,1.2289306921929473,0
32.999999262,89621.03327912299,43184.63782834095,1.1461387727320722,0
33.09999926,89621.46613734304,43185.428666730426,0.9786781652283199,0
33.199999257,89622.01103563674,43186.13100070778,0.8180419228878955,0
33.249999256,89622.31374634917,43186.444048862504,0.7392538238630612,0
33.349999254,89623.00919548684,43186.98073904377,0.5804603105162175,0
33.399999253,89623.36695763016,43187.22655380564,0.5032355174253941,0
33.499999251,89624.16382877284,43187.58884176479,0.3687253072967905,0
33.599999248,89624.98060170049,43187.86038314285,0.2756667475285066,0
33.649999247,89625.39857775212,43187.9653890694,0.24130179081756806,0
33.699999246,89625.81502493192,43188.05799635497,0.20883949501863422,0
33.799999244,89626.66223395134,43188.20153953759,0.11076368687508094,0
33.949999241,89627.94745932383,43188.24659890797,-0.03712454292424776,0
34.049999238,89628.79828289301,43188.17580281384,-0.1292738155773781,0
34.099999237,89629.22673459863,43188.10789307672,-0.17347193027839014,0
34.199999235,89630.07483048776,43187.92269997227,-0.2567132255131442,0
34.249999234,89630.48544070624,43187.80065791264,-0.2952157583331015,0
34.349999232,89631.2996563648,43187.51054278949,-0.3741904067757348,0
34.399999231,89631.70344829155,43187.34800938693,-0.41779941763664336,0
34.499999228,89632.48364588023,43186.96003573686,-0.503065387363838,0
34.599999226,89633.23134015656,43186.50772274892,-0.5853845599408334,0
34.649999225,89633.58260080485,43186.25308553772,-0.6210045718667833,0
34.699999224,89633.93890181964,43185.99464845111,-0.6532799696912249,0
34.799999222,89634.60754149519,43185.4410409798,-0.7025405683039897,0
34.899999219,89635.26542772898,43184.85927110434,-0.7247333340495286,0
34.949999218,89635.60196978795,43184.56753209135,-0.7212977590960281,0
34.999999217,89635.92707982546,43184.26684101084,-0.7111319926789144,0
35.049999216,89636.25754279838,43183.98007470575,-0.6929824652014428,0
35.099999215,89636.6066472838,43183.70136566902,-0.669580767874159,0
35.149999214,89636.95220566892,43183.426583080094,-0.6413463505725842,0
35.199999213,89637.30767624342,43183.16192773016,-0.6000918626462974,0
35.249999212,89637.68254749148,43182.918317443946,-0.5514306142940701,0
35.349999209,89638.45332089468,43182.48258700794,-0.45262687327176165,0
35.399999208,89638.84845839089,43182.29185994074,-0.4025082390165297,0
35.499999206,89639.68064216284,43181.98226727042,-0.2998343194132146,0
35.549999205,89640.10678062392,43181.85758233374,-0.2453882054745099,0
35.599999204,89640.54050752,43181.75801079354,-0.18605833383490694,0
35.649999203,89640.97304931332,43181.68066268205,-0.1321289841817967,0
35.699999202,89641.41351152174,43181.635303436226,-0.08237614299751142,0
35.7499992,89641.86009567342,43181.60390401178,-0.03371691637040378,0
35.799999199,89642.29874235984,43181.59782820193,0.012765560635099295,0
35.849999198,89642.73648913375,43181.61577704351,0.05855511133636157,0
35.949999196,89643.61815896604,43181.7010731649,0.14286794509479284,0
36.049999194,89644.49012980073,43181.85832507065,0.21623398358303056,0
36.149999191,89645.35398734883,43182.073749485775,0.2795056060611355,0
36.19999919,89645.78085134375,43182.20932373277,0.3045062517972024,0
36.299999188,89646.62982519106,43182.49090309366,0.35014342462311376,0
36.399999186,89647.46888152699,43182.82048079175,0.39045924629820533,0
36.449999185,89647.88916111349,43182.996553381185,0.4072233890449431,0
36.549999183,89648.71312251633,43183.376808414236,0.4387363459881535,0
36.599999181,89649.12651938213,43183.56996351941,0.4518772657278986,0
36.699999179,89649.94437903712,43183.98140078334,0.4679989812060058,0
36.749999178,89650.35661518128,43184.19632877635,0.46914254899259306,0
36.849999176,89651.17625496977,43184.623307620735,0.46181456182048053,0
36.949999174,89652.01379593667,43185.038285735536,0.44252302599665544,0
37.049999171,89652.86095639452,43185.429699724766,0.39999463316530176,0
37.149999169,89653.74038685749,43185.78632343537,0.35319199607957086,0
37.199999168,89654.18003130615,43185.94857463718,0.32497055379622797,0
37.299999166,89655.09189901265,43186.229520686706,0.26018070079195843,0
37.399999164,89656.0265329379,43186.449232836014,0.18281080726300952,0
37.449999162,89656.49712794823,43186.53540519756,0.1329901547832119,0
37.54999916,89657.45385444757,43186.62671920266,0.023013670299660935,0
37.599999159,89657.93928306898,43186.6317187134,-0.03884196609166078,0
37.649999158,89658.41612038085,43186.602866057285,-0.1037891680762739,0
37.699999157,89658.89175306304,43186.543090964326,-0.17860998618853674,0
37.749999156,89659.35828496811,43186.451238742,-0.26127745236009803,0
37.799999155,89659.80785097425,43186.32784471951,-0.3536139749649434,0
37.899999152,89660.66009506381,43185.954832020594,-0.5519933687766435,0
37.949999151,89661.04741449501,43185.70925451069,-0.6550166232563038,0
37.99999915,89661.40021952658,43185.42849948826,-0.7565408813962188,0
38.099999148,89662.01393254944,43184.77141540605,-0.9433822532404034,0
38.149999147,89662.25921432459,43184.40609685096,-1.0266954502475754,0
38.199999146,89662.48701953322,43184.02926795673,-1.1008922793273026,0
38.249999145,89662.67874853326,43183.630963751726,-1.1752199736046107,0
38.299999143,89662.83016096395,43183.22644543182,-1.2557154797930739,0
38.399999141,89663.06393078271,43182.406348118886,-1.45344903088112,0
38.44999914,89663.1062866867,43181.98569652089,-1.5616091537110404,0
38.499999139,89663.10021188357,43181.56449973496,-1.6694213697230793,0
38.549999138,89663.04804927167,43181.15060748026,-1.7712384165944866,0
38.599999137,89662.96091848257,43180.74316924563,-1.864513996769414,0
38.699999134,89662.66806144996,43179.97877747515,-2.0221550199863647,0
38.749999133,89662.48786849013,43179.6177583962,-2.0836147914834493,0
38.799999132,89662.27340700568,43179.27202566145,-2.135313412724003,0
38.949999129,89661.57274139703,43178.29379114544,-2.268821070379771,0
39.049999127,89661.02971426249,43177.70455432643,-2.3720650349172265,0
39.099999126,89660.72858089127,43177.430833888735,-2.417534382980231,0
39.199999123,89660.10404452229,43176.92043852304,-2.5061424446503215,0
39.299999121,89659.42625046537,43176.46594607716,-2.591878511454409,0
39.34999912,89659.0750588803,43176.2662764404,-2.6295861620474796,0
39.399999119,89658.7111808909,43176.071693947604,-2.66638405658535,0
39.499999117,89657.97636564329,43175.72387863161,-2.7357076792982062,0
39.599999114,89657.21161802592,43175.42718470571,-2.7890441796105705,0
39.649999113,89656.82627534383,43175.29276724578,-2.8124034806753864,0
39.749999111,89656.04130802237,43175.045438720954,-2.845132294836865,0
39.79999911,89655.6411400512,43174.93452153148,-2.854554159537274,0
39.949999107,89654.44535408543,43174.596646644975,-2.8580800940718194,0
39.999999105,89654.04681162261,43174.48349582646,-2.853971066593178,0
40.099999103,89653.25054703496,43174.247097761094,-2.8393887328849536,0
40.199999101,89652.4550762536,43173.996717270464,-2.8121932328546073,0
40.2499991,89652.05807330436,43173.859087953526,-2.794395517733604,0
40.349999098,89651.27267114744,43173.560004238076,-2.748036857165631,0
40.399999096,89650.88478556939,43173.393343690506,-2.7227251356362974,0
40.499999094,89650.11500355121,43173.04003807912,-2.664984079435922,0
40.599999092,89649.37275217767,43172.630125312186,-2.5909122373268705,0
40.649999091,89649.01986303396,43172.400188311694,-2.550004312805925,0
40.69999909,89648.66400655937,43172.16423850943,-2.5079132328115104,0
40.799999088,89647.99791960655,43171.63288125198,-2.4136874793827725,0
40.949999084,89647.1057166423,43170.71416074441,-2.22923070387464,0
40.999999083,89646.84136403645,43170.37835248428,-2.1604030588194694,0
41.099999081,89646.40478873618,43169.6403576176,-2.005181282540005,0
41.199999079,89646.07953888169,43168.84588380299,-1.825163643737776,0
41.249999077,89645.9790052205,43168.42706258754,-1.7352475144260973,0
41.349999075,89645.90112814857,43167.57758574936,-1.5789666594726026,0
41.399999074,89645.90394692641,43167.154286765275,-1.506699552828774,0
41.499999072,89646.01323612886,43166.31581520856,-1.3659314099500286,0
41.549999071,89646.11105436414,43165.90453599967,-1.2929142326225787,0
41.649999069,89646.37894493216,43165.108517592605,-1.1379194934772667,0
41.699999067,89646.56268607566,43164.72950950287,-1.0617848904571776,0
41.799999065,89647.02129154431,43164.01841731013,-0.9177028757365328,0
41.849999064,89647.28675092454,43163.689052363,-0.8505763203801443,0
41.999999061,89648.20761687357,43162.809001625035,-0.6681352185379729,0
42.04999906,89648.54578510072,43162.555110232395,-0.6239297676954173,0
42.149999057,89649.25416807018,43162.084345549665,-0.5261988197666327,0
42.249999055,89650.01187834104,43161.692552082255,-0.42175629967753014,0
42.299999054,89650.39926981213,43161.52244162985,-0.3770985494934659,0
42.399999052,89651.21359316462,43161.24104628502,-0.2939874200225197,0
42.49999905,89652.05566929022,43161.01824105159,-0.21963428150988337,0
42.549999048,89652.48021288248,43160.93571719515,-0.18516779437704456,0
42.649999046,89653.34306211284,43160.804170811636,-0.11198854034809813,0
42.699999045,89653.78128133951,43160.75666382113,-0.07457264418097947,0
42.799999043,89654.65814475878,43160.722782175275,-0.005046493071794014,0
42.899999041,89655.54115654314,43160.74305349108,0.059983808902794436,0
42.999999038,89656.4309085348,43160.823184331595,0.13288970163377772,0
43.049999037,89656.86697427389,43160.894098250414,0.16934148332481855,0
43.099999036,89657.30314909562,43160.97691821253,0.20567498504880827,0
43.249999033,89658.6017626561,43161.320388317945,0.33081575453582984,0
43.299999032,89659.02820263525,43161.47137204496,0.3733324833478612,0
43.349999031,89659.43779439873,43161.644489480146,0.4234514049433227,0
43.399999029,89659.84793152713,43161.833753905514,0.4687161698427453,0
43.449999028,89660.24035106966,43162.04577553483,0.5129314856170686,0
43.499999027,89660.63512100061,43162.26795424124,0.5574350794377064,0
43.549999026,89661.01080711858,43162.51481588115,0.6046109834341711,0
43.599999025,89661.38025083623,43162.77299540792,0.6524334162444456,0
43.649999024,89661.74089091537,43163.05235593325,0.6985404987693463,0
43.749999022,89662.40347367908,43163.66288651388,0.7836905364753566,0
43.79999902,89662.72602693479,43163.98510903101,0.8233596879688991,0
43.899999018,89663.31855737606,43164.673073559105,0.8917833781851481,0
43.999999016,89663.87800497956,43165.39675722922,0.9413205388731974,0
44.049999015,89664.1364212616,43165.769481136536,0.9624848269956193,0
44.099999014,89664.40040380466,43166.14558181333,0.969927047689107,0
44.149999013,89664.66497737846,43166.52527617124,0.9725336008283686,0
44.199999012,89664.91859575201,43166.910880767806,0.9643791331042229,0
44.24999901,89665.18816050942,43167.287358076705,0.9492333703569295,0
44.299999009,89665.45597521281,43167.656689557334,0.921872020425424,0
44.399999007,89666.03143770625,43168.36954030696,0.844662852608246,0
44.449999006,89666.34333059116,43168.711265407306,0.7950300119654282,0
44.499999005,89666.67372162365,43169.029647267715,0.7437076221523558,0
44.599999003,89667.37061404374,43169.62046850873,0.6188745438102695,0
44.699999,89668.14141520482,43170.10771521058,0.465848000323374,0
44.799998998,89668.97346197563,43170.460617705954,0.2998938473351266,0
44.849998997,89669.41039852497,43170.58689257134,0.21574388002921932,0
44.949998995,89670.29580999729,43170.72093078092,0.046082367525527496,0
45.049998993,89671.18949101726,43170.704838762606,-0.12343095428291323,0
45.099998991,89671.6258480196,43170.63841544871,-0.2040634246175488,0
45.199998989,89672.47018348893,43170.40736640896,-0.34655767523122416,0
45.299998987,89673.2637925616,43170.064947406245,-0.459895677486687,0
45.349998986,89673.63969482883,43169.8621314514,-0.5144154295460379,0
45.449998984,89674.36981519636,43169.406546403996,-0.6267717620094343,0
45.499998982,89674.7118472612,43169.14216600276,-0.6810432356034116,0
45.59999898,89675.35034907464,43168.565366091185,-0.7779204679507594,0
45.699998977999996,89675.944744598,43167.93656642283,-0.8637381664957675,0
45.749998977,89676.21563725981,43167.599048981785,-0.9029056210486225,0
45.799998976,89676.48353177466,43167.25434500722,-0.9389535714515187,0
45.949998972,89677.2016388039,43166.15539972461,-1.0387622886274244,0
46.04999897,89677.62475039341,43165.38132839918,-1.0913961189461276,0
46.149998968,89678.01282049947,43164.58683062449,-1.141824780520699,0
46.199998967,89678.19573476104,43164.18233853674,-1.1662458309590358,0
46.299998965,89678.52888489988,43163.35348602311,-1.2150227246983716,0
46.399998962,89678.82060807377,43162.50484316238,-1.2646961963540342,0
46.449998961,89678.94387099559,43162.07199264456,-1.290662461412597,0
46.549998959,89679.17249997573,43161.19697313176,-1.3492296432698738,0
46.599998958,89679.28118072716,43160.75531902066,-1.3825127298808553,0
46.649998957,89679.35385769972,43160.307208638966,-1.4169248675561599,0
46.699998956,89679.4155506815,43159.85625019466,-1.4527321608030672,0
46.849998952,89679.51784549604,43158.49081314939,-1.5642486411342191,0
46.94999895,89679.4831300932,43157.572254775354,-1.647607729471641,0
46.999998949,89679.44303804878,43157.11560741512,-1.694588950507023,0
47.049998948,89679.38736818866,43156.65915726768,-1.7414546530871076,0
47.099998947,89679.3037370676,43156.20777404448,-1.787280689592617,0
47.149998946,89679.18477149963,43155.76209904763,-1.842145965329902,0
47.199998944,89679.05886232363,43155.31905257455,-1.8939127159767344,0
47.249998943,89678.90473212143,43154.885274339314,-1.94715606648284,0
47.299998942,89678.72757194871,43154.46029773879,-2.001449755136569,0
47.39999894,89678.3115382466,43153.63545064778,-2.1176009930964566,0
47.449998939,89678.06279135993,43153.24911910446,-2.1753297979052433,0
47.499998938,89677.79224018751,43152.87406237139,-2.232000840933402,0
47.599998936,89677.19930058598,43152.16811203726,-2.345775094368777,0
47.649998934,89676.86731897121,43151.84308684177,-2.3974687605568787,0
47.699998933,89676.52164079956,43151.536527862394,-2.4433915553822447,0
47.799998931,89675.78650969033,43150.96580865489,-2.52874339644249,0
47.84999893,89675.39703602942,43150.7054365248,-2.5670137541815907,0
47.899998929,89675.01090166577,43150.45243034543,-2.6021161720577686,0
47.949998928,89674.60594273401,43150.22022169248,-2.6373141155554554,0
47.999998927,89674.18668641671,43149.9985117586,-2.6733717896276143,0
48.099998924,89673.33451405712,43149.60154817356,-2.741886094769992,0
48.149998923,89672.90231010912,43149.41929073167,-2.7738337263201585,0
48.199998922,89672.46130528433,43149.25642867105,-2.8031698478838973,0
48.249998921,89672.00429034687,43149.110579197215,-2.831582088128927,0
48.29999892,89671.55794234251,43148.96458078084,-2.8560071035671655,0
48.349998919,89671.09384953034,43148.84216431477,-2.8835523279327537,0
48.399998918,89670.63185116368,43148.72119498881,-2.9052196429093775,0
48.449998917,89670.16933906489,43148.61354313202,-2.9263516152222953,0
48.499998915,89669.69943480063,43148.513256449725,-2.942665503342649,0
48.599998913,89668.75236086156,43148.337590568444,-2.966047486662665,0
48.649998912,89668.27541683205,43148.25471524809,-2.9720868336249833,0
48.699998911,89667.7982707575,43148.17457998992,-2.975543313592243,0
48.74999891,89667.32152494803,43148.09853763316,-2.9756639413661228,0
48.799998909,89666.83710790807,43148.02125789146,-2.9735545058588992,0
48.949998905,89665.40047471892,43147.761005624896,-2.944697731511366,0
49.049998903,89664.44826291672,43147.565251768596,-2.9059594880633606,0
49.099998902,89663.98122042806,43147.44863832025,-2.8806890186933902,0
49.1999989,89663.03941372182,43147.177052970226,-2.8119729040745858,0
49.299998898,89662.1320601877,43146.83713307068,-2.717660871086379,0
49.349998896,89661.69156540305,43146.62993566832,-2.663617391130205,0
49.449998894,89660.85271718766,43146.151849231996,-2.548074247012152,0
49.499998893,89660.45322650073,43145.87869650071,-2.491457470027499,0
49.599998891,89659.71385639648,43145.263840553234,-2.3818307851354796,0
49.64999889,89659.3616214378,43144.93106086969,-2.328594369672578,0
49.749998888,89658.73539623649,43144.20200021439,-2.2230268411311913,0
49.799998886,89658.44897681654,43143.81471371116,-2.1691573943224545,0
49.949998883,89657.71745569323,43142.569306412304,-2.0101910004820196,0
49.999998882,89657.5180142929,43142.13396078644,-1.9577118689979913,0
50.09999888,89657.19195415637,43141.228396848106,-1.8531480709913501,0
50.199998877,89656.96435274846,43140.28989371634,-1.7539423406828178,0
50.249998876,89656.87858888856,43139.81935320848,-1.7072471568234695,0
50.299998875,89656.82120688025,43139.34049089664,-1.6633148217612235,0
50.399998873,89656.7643460779,43138.37734683407,-1.5923685266388796,0
50.499998871,89656.77769250055,43137.41173543619,-1.542006262906757,0
50.54999887,89656.78554148423,43136.92753459882,-1.5268875336330163,0
50.649998867,89656.8526152975,43135.95923786629,-1.5152426987130627,0
50.699998866,89656.87174781512,43135.47079814807,-1.5173010829432065,0
50.799998864,89656.926394324,43134.502000381464,-1.5379278610954472,0
50.849998863,89656.93810502137,43134.0133358901,-1.5576135052280626,0
50.99999886,89656.92531219141,43132.55253372861,-1.636779617835953,0
51.049998858,89656.88187399252,43132.06472574102,-1.6665136971166328,0
51.149998856,89656.76739161038,43131.10086853343,-1.7217491065541364,0
51.249998854,89656.59502947879,43130.142542574846,-1.7614617688546674,0
51.299998853,89656.50837799182,43129.66604159002,-1.7752884542981595,0
51.399998851,89656.29733017902,43128.71432694494,-1.808101442674769,0
51.44999885,89656.18385797249,43128.23880728852,-1.8313418057938142,0
51.549998847,89655.91359336048,43127.30062722011,-1.8844190134211174,0
51.599998846,89655.75618123554,43126.84232289279,-1.9178299198941728,0
51.699998844,89655.39556621069,43125.94198494761,-2.004541157023926,0
51.749998843,89655.19172410302,43125.50432272881,-2.0530421051114813,0
51.849998841,89654.70463414774,43124.67396899495,-2.1644760368661924,0
51.949998838,89654.1320296805,43123.91367997464,-2.267705861565965,0
52.049998836,89653.50572898333,43123.212699809286,-2.400117387650018,0
52.099998835,89653.15770476894,43122.89642508698,-2.4687327902759564,0
52.149998834,89652.78379636059,43122.61587571001,-2.542970685103711,0
52.199998833,89652.38895456739,43122.36195208157,-2.607058525625365,0
52.299998831,89651.55822516562,43121.930937836485,-2.736651316223284,0
52.349998829,89651.12097832722,43121.7593635758,-2.795857420503017,0
52.399998828,89650.67827270732,43121.60775913744,-2.8498733408040553,0
52.449998827,89650.22787936425,43121.48579650789,-2.901870001494765,0
52.499998826,89649.77134984742,43121.38609317082,-2.946526252734225,0
52.549998825,89649.30792269131,43121.303449031126,-2.987222854098706,0
52.599998824,89648.83679273553,43121.24047945209,-3.0263009878547513,0
52.699998822,89647.90507638334,43121.15596611049,-3.091902624058897,0
52.74999882,89647.427922567,43121.13758256836,-3.119276239430318,0
52.799998819,89646.95118107568,43121.13400748279,-3.145210929589601,0
52.899998817,89646.00557830885,43121.158680788474,-3.1902749911312402,0
52.949998816,89645.52921281148,43121.18845006339,-3.2133572979229377,0
52.999998815,89645.04524153181,43121.22377209842,-3.233847958674973,0
53.099998813,89644.09318955058,43121.33419242665,-3.2746339927536066,0
53.149998812,89643.61730900913,43121.40092018667,-3.293805128924418,0
53.19999881,89643.14119754812,43121.47563812222,-3.313637095076356,0
53.249998809,89642.6655558861,43121.5635335563,-3.333013673437664,0
53.299998808,89642.18970557467,43121.65759334628,-3.3513413925891093,0
53.399998806,89641.24659301735,43121.87447990325,-3.386613020772848,0
53.449998805,89640.77906611591,43121.99657192493,-3.405249357775351,0
53.549998803,89639.84358533537,43122.262511650726,-3.452495700824187,0
53.599998801,89639.37709730108,43122.41808527839,-3.480856383204969,0
53.699998799,89638.46787120448,43122.764132452416,-3.5436122091576427,0
53.799998797,89637.58450267739,43123.171942789115,-3.613653420283907,0
53.849998796,89637.15025956173,43123.39749679519,-3.651900357479234,0
53.999998793,89635.92303038173,43124.17354978472,-3.7758611080705853,0
54.049998791,89635.52954700397,43124.46227903282,-3.81841645917686,0
54.149998789,89634.79328258193,43125.09716450954,-3.9016573455046855,0
54.199998788,89634.45166308567,43125.44031366802,-3.9412587112297217,0
54.299998786,89633.79337082566,43126.156497380885,-4.007678189376828,0
54.399998784,89633.1796621169,43126.908902800984,-4.054323430886605,0
54.499998781,89632.59179696794,43127.68275263645,-4.08650671250567,0
54.54999878,89632.31763030324,43128.08287935813,-4.097781304851174,0
54.599998779,89632.03673211597,43128.47735193403,-4.107457751513606,0
54.699998777,89631.48658558942,43129.28555947787,-4.11911324247394,0
54.799998775,89630.94043856711,43130.09453653706,-4.123037860924432,0
54.849998774,89630.6664573464,43130.49640821307,-4.122805485323763,0
54.949998771,89630.12724763245,43131.30483368447,-4.120343428243538,0
55.049998769,89629.58138469417,43132.11803490217,-4.115742258475153,0
55.149998767,89629.02285973993,43132.92021217451,-4.110810283260398,0
55.199998766,89628.7525573464,43133.324608213064,-4.108158410881102,0
55.299998763,89628.19757247277,43134.12905056566,-4.103216773376148,0
55.399998761,89627.63124981624,43134.927302783384,-4.100193266519841,0
55.44999876,89627.35004561987,43135.325599820804,-4.0999982373584345,0
55.549998758,89626.78753516013,43136.12249243585,-4.103548356070419,0
55.599998757,89626.50639585772,43136.52103527987,-4.1082592783790535,0
55.749998753,89625.68180963254,43137.73050785209,-4.126624885018226,0
55.799998752,89625.40944814365,43138.13751031176,-4.13309642749514,0
55.849998751,89625.1474135417,43138.550196859294,-4.140792843589244,0
55.89999875,89624.88200171175,43138.96035396615,-4.146706545631131,0
55.999998748,89624.36272699207,43139.787145683295,-4.15746509868922,0
56.049998747,89624.10458784952,43140.20105903216,-4.161577387277412,0
56.099998746,89623.8477014576,43140.61978747801,-4.164679646862045,0
56.199998743,89623.3430217287,43141.457422278334,-4.171184094555442,0
56.299998741,89622.832239803,43142.29171112632,-4.176645070343651,0
56.34999874,89622.58599470156,43142.715842202684,-4.1787863437777375,0
56.449998738,89622.0933102617,43143.55533495618,-4.18253335745282,0
56.499998737,89621.84403393674,43143.97756546195,-4.183721698152644,0
56.599998734,89621.35191244383,43144.82121197434,-4.184186640490024,0
56.649998733,89621.1126611418,43145.2450896494,-4.182944282670778,0
56.749998731,89620.62057231629,43146.08489606358,-4.176991338628983,0
56.79999873,89620.3672714379,43146.50472840721,-4.17245873842387,0
56.949998727,89619.60790176436,43147.75382970131,-4.157304129350719,0
56.999998725,89619.34659730374,43148.16606492364,-4.152548881717981,0
57.099998723,89618.82036589445,43148.99251101892,-4.1421194001602455,0
57.199998721,89618.29633921963,43149.811778244286,-4.128204128821219,0
57.24999872,89618.01961712887,43150.22009251743,-4.118510256966023,0
57.349998718,89617.47110764911,43151.02357446387,-4.09752611109455,0
57.399998717,89617.18682417381,43151.424087313586,-4.08839075240478,0
57.499998714,89616.61489795,43152.211798823686,-4.075601892861688,0
57.549998713,89616.322939937,43152.60433455851,-4.07296666374949,0
57.599998712,89616.0221789194,43152.9919265652,-4.072479526773182,0
57.649998711,89615.7357702774,43153.38434667487,-4.074284549873781,0
57.69999871,89615.44781592782,43153.780090211345,-4.083594675486188,0
57.799998708,89614.86990913501,43154.569085238254,-4.108235197270027,0
57.849998706,89614.59321000565,43154.974677407496,-4.127025654679334,0
57.949998704,89614.06947528184,43155.796436853074,-4.175412312778544,0
58.049998702,89613.58916882632,43156.639336632,-4.235974690124003,0
58.099998701,89613.37070088688,43157.073670704995,-4.268509895489484,0
58.199998699,89612.97342083426,43157.964684237035,-4.341425833814697,0
58.299998696,89612.6458108153,43158.87337835117,-4.416437015375258,0
58.349998695,89612.5178068377,43159.338276954935,-4.453911091960966,0
58.449998693,89612.30406732488,43160.27738736319,-4.534567389153055,0
58.499998692,89612.21480404458,43160.751129506716,-4.581088833937554,0
58.59999869,89612.1233541821,43161.70798115821,-4.684181005295179,0
58.699998687,89612.13659097483,43162.66226781325,-4.799159286541998,0
58.749998686,89612.18143864357,43163.13452122396,-4.87878796129783,0
58.799998685,89612.26083373452,43163.6012230969,-4.963707148480682,0
58.949998682,89612.74095280352,43164.91925269402,-5.247983000004292,0
59.04999868,89613.25142849692,43165.68651424016,-5.390745826543157,0
59.099998679,89613.5392022936,43166.039697671054,-5.4646813126566745,0
59.199998676,89614.19159035555,43166.67610515276,-5.622767070502576,0
59.299998674,89614.93233705226,43167.18299765069,-5.79128624629586,0
59.349998673,89615.3343136027,43167.39223723135,-5.871088045791634,0
59.449998671,89616.17280806038,43167.70132300784,-6.033647345811721,0
59.49999867,89616.60947785311,43167.80073433995,-6.112553148709411,0
59.599998667,89617.49267985648,43167.896958260775,-6.258399847456581,0
59.699998665,89618.38481030156,43167.87227100713,-6.374660503133862,0
59.749998664,89618.82145778723,43167.81654350768,-6.427210246862953,0
59.799998663,89619.24971438386,43167.74605986292,-6.480507416335786,0
59.899998661,89620.09603705004,43167.52674073749,-6.608612011681282,0
59.94999866,89620.50537466966,43167.37758474365,-6.6718181464188175,0
59.999998658,89620.90597725696,43167.20143023243,-6.7347128440007005,0
60.049998657,89621.29941824105,43167.01032458928,-6.797799806590902,0
60.099998656,89621.67306462504,43166.781007513826,-6.862617142896496,0
60.199998654,89622.37371270836,43166.26041011758,-6.992578918000425,0
60.249998653,89622.70062263562,43165.971198723244,-7.04767376825755,0
60.349998651,89623.3154453195,43165.33835760685,-7.149234390970931,0
60.399998649,89623.59253806727,43164.99541707778,-7.193323940992637,0
60.449998648,89623.85713553494,43164.64410734748,-7.235240177029851,0
60.499998647,89624.10567956168,43164.28137808343,-7.26800972273422,0
60.599998645,89624.57411758335,43163.52474778453,-7.332806123467602,0
60.649998644,89624.79561833476,43163.13501685836,-7.359758984453066,0
60.699998643,89624.9983579977,43162.73978102612,-7.37965347547731,0
60.749998642,89625.19613309008,43162.338787018874,-7.395337450465062,0
60.799998641,89625.39730686987,43161.93131461053,-7.40904078088931,0
60.949998637,89625.97125827686,43160.70269225429,-7.430592786402534,0
60.999998636,89626.15322790956,43160.28248048126,-7.433023836604676,0
61.099998634,89626.51601256724,43159.44430587666,-7.4352473833017365,0
61.199998632,89626.89457511457,43158.60609971553,-7.4350288232826705,0
61.24999863,89627.08223779676,43158.18422757758,-7.434995261273986,0
61.299998629,89627.27996143456,43157.75941162933,-7.434852137098311,0
61.399998627,89627.65117910085,43156.906159642785,-7.433977803664353,0
61.499998625,89628.03357708412,43156.05089606386,-7.434117944590752,0
61.549998624,89628.23258461725,43155.62260283033,-7.43478525197045,0
61.599998623,89628.42693119097,43155.1886167807,-7.4354081261931695,0
61.69999862,89628.80664089006,43154.31981948855,-7.434540010976374,0
61.799998618000004,89629.19974901476,43153.44621085437,-7.428549117524295,0
61.849998617,89629.40706516945,43153.014439616054,-7.423522440006296,0
61.999998614,89630.01912244296,43151.703302387126,-7.400975894880788,0
62.049998613,89630.23086584335,43151.27031092223,-7.392083928553274,0
62.14999861,89630.67193088857,43150.40457857716,-7.372640228003528,0
62.199998609,89630.89119136393,43149.975463886476,-7.36246373108295,0
62.299998607,89631.36772199381,43149.123651622474,-7.342857661500908,0
62.349998606,89631.6020118707,43148.698146047915,-7.333363545276485,0
62.449998604,89632.10121956024,43147.85820698233,-7.312127645373036,0
62.499998603,89632.35108031692,43147.43618373856,-7.300816697003478,0
62.5999986,89632.87173534551,43146.611293122434,-7.280502510024395,0
62.699998598,89633.40786275105,43145.798038865796,-7.265770533770403,0
62.749998597,89633.68432491989,43145.39363887081,-7.260661992300009,0
62.849998595,89634.23196550811,43144.58577524739,-7.253425925770413,0
62.949998592,89634.78646815645,43143.78074122768,-7.2509616247813105,0
63.04999859,89635.34136550811,43142.976475247386,-7.251531831310587,0
63.149998588,89635.89601580892,43142.17144147219,-7.250676259385333,0
63.199998587,89636.18030069032,43141.77103007184,-7.247790500789688,0
63.299998585,89636.73486512409,43140.966505204655,-7.236036244644389,0
63.399998582,89637.30993472663,43140.176946881365,-7.212276548964805,0
63.449998581,89637.59895081322,43139.78245866502,-7.196370921505498,0
63.549998579,89638.20856278417,43139.019229021476,-7.149828716283417,0
63.599998578,89638.51617752278,43138.65026417612,-7.1128190420765645,0
63.699998576,89639.19528511149,43137.94878177123,-7.026208152706635,0
63.799998573,89639.92361252323,43137.31863543183,-6.912236817906234,0
63.849998572,89640.31658697398,43137.04218596035,-6.836259629494916,0
63.94999857,89641.1498588453,43136.58994342995,-6.661904683604824,0
64.049998568,89642.03584325766,43136.297139690476,-6.465488891951653,0
64.149998566,89642.9454543197,43136.181566086176,-6.256446967384687,0
64.199998565,89643.39284067176,43136.19019915923,-6.1481841054361945,0
64.299998562,89644.25558877739,43136.365150101425,-5.942441139887979,0
64.39999856,89645.06074378037,43136.70812819864,-5.7760923624655165,0
64.449998559,89645.4347240753,43136.92251133621,-5.700306364867337,0
64.549998557,89646.11678240202,43137.43397187217,-5.533094330434431,0
64.599998556,89646.41315004196,43137.730995426304,-5.440628337750834,0
64.699998553,89646.9276146946,43138.38292967255,-5.256073390815238,0
64.749998552,89647.13506639199,43138.74056493908,-5.163814117009078,0
64.799998551,89647.31065694185,43139.11568115136,-5.085420147600924,0
64.899998549,89647.53552859034,43139.90545937747,-4.904379913372618,0
64.999998547,89647.64426653019,43140.71453800529,-4.776752073306171,0
65.049998546,89647.66073378881,43141.12242701886,-4.720952759409166,0
65.099998544,89647.65337300314,43141.525652436496,-4.672384054593686,0
65.149998543,89647.63572205165,43141.92775234185,-4.624705880608402,0
65.199998542,89647.5892613085,43142.333226639916,-4.57284814339169,0
65.29999854,89647.43962776485,43143.131133542134,-4.4842961356576705,0
65.349998539,89647.33048852735,43143.52225574881,-4.446209525156469,0
65.449998537,89647.09721238015,43144.30367165026,-4.3790584406944335,0
65.499998535,89646.95441479393,43144.68729072767,-4.347518024072893,0
65.599998533,89646.63609507025,43145.447699274584,-4.289500480630505,0
65.649998532,89646.45398079319,43145.818216050226,-4.263020307343008,0
65.699998531,89646.2706441258,43146.19141784305,-4.236907654431513,0
65.799998529,89645.87786123659,43146.924825864495,-4.192761118375789,0
65.949998525,89645.21177674508,43147.996665619816,-4.1416810136378155,0
65.999998524,89644.98634842593,43148.35664485901,-4.128892148074548,0
66.099998522,89644.51314948323,43149.06090953377,-4.108619072976843,0
66.19999852,89644.01648046197,43149.76109807542,-4.097079452670306,0
66.249998519,89643.76327754947,43150.110255476466,-4.094323793702785,0
66.299998518,89643.51316600277,43150.4617472612,-4.092138619146921,0
66.399998515,89643.00552292637,43151.16898775208,-4.091954472074095,0
66.499998513,89642.48771277054,43151.87807124926,-4.0953198495213545,0
66.549998512,89642.23135025229,43152.238636163296,-4.0977516698624505,0
66.64999851,89641.72328911438,43152.96132059407,-4.103155107671686,0
66.699998509,89641.46776138319,43153.329763013244,-4.105922651045624,0
66.799998506,89640.96422752613,43154.071196436766,-4.110252191387428,0
66.849998505,89640.70201101947,43154.43522763032,-4.11163225422927,0
66.999998502,89639.9375345422,43155.553312741846,-4.113755681825028,0
67.049998501,89639.68099949027,43155.92931754463,-4.113567390300943,0
67.0999985,89639.43392468247,43156.306097556044,-4.113379098776858,0
67.199998497,89638.9152418884,43157.057909213036,-4.112135898702412,0
67.249998496,89638.65725645797,43157.43301923495,-4.110940853546977,0
67.299998495,89638.39959280226,43157.80784422861,-4.109860097325808,0
67.349998494,89638.14303352733,43158.18772409695,-4.108933287114598,0
67.399998493,89637.8739209102,43158.56430481088,-4.107104219547456,0
67.499998491,89637.35085078115,43159.31846598442,-4.101499255715032,0
67.54999849,89637.0852715609,43159.69721048111,-4.097967245109581,0
67.599998489,89636.81834958216,43160.071419664,-4.093481883121734,0
67.649998487,89636.55399797471,43160.451128992034,-4.08889828804153,0
67.699998486,89636.27720135725,43160.827625232036,-4.083905400726075,0
67.799998484,89635.73046432994,43161.58167073033,-4.073094752262774,0
67.899998482,89635.17107442446,43162.32432685306,-4.061615909699883,0
67.949998481,89634.88020192475,43162.69777173506,-4.055997107637421,0
67.99999848,89634.60189759478,43163.07527316032,-4.050488857797908,0
68.049998478,89634.3088611786,43163.44316474873,-4.045438131057401,0
68.099998477,89634.00926594858,43163.81231521849,-4.040799464755659,0
68.199998475,89633.42312595836,43164.554683215545,-4.03320561876555,0
68.249998474,89633.12549252491,43164.92055168955,-4.031107166495328,0
68.349998472,89632.52499930019,43165.664041898875,-4.030619202528795,0
68.399998471,89632.21674917778,43166.0280677996,-4.03228295977302,0
68.44999847,89631.92472164232,43166.4072345271,-4.034302725338139,0
68.549998467,89631.32278242295,43167.15292435041,-4.039446878488716,0
68.599998466,89631.01674933426,43167.53088117985,-4.041901901958157,0
68.649998465,89630.72246956032,43167.911780605114,-4.0435935537043655,0
68.799998462,89629.82489869684,43169.05308259004,-4.044750009705804,0
68.949998458,89628.91526463392,43170.19091309553,-4.033444197962504,0
68.999998457,89628.61035380264,43170.569423918394,-4.026799219199517,0
69.099998455,89628.00010061782,43171.319034071756,-4.008001397715037,0
69.199998453,89627.36283310578,43172.05713763671,-3.9827547249385273,0
69.249998452,89627.0289906678,43172.41560546254,-3.9700898191271285,0
69.349998449,89626.36056538865,43173.130411620135,-3.9482307237175243,0
69.399998448,89626.02336268012,43173.48046829387,-3.943813627416225,0
69.499998446,89625.35190810966,43174.18420279451,-3.94949827640105,0
69.549998445,89625.00682721914,43174.53837215335,-3.960121284121523,0
69.599998444,89624.68170098972,43174.8929844766,-3.973993385661605,0
69.649998443,89624.34576736127,43175.25235305258,-3.9918342382912035,0
69.699998442,89624.03235184615,43175.62558701061,-4.012844213088022,0
69.74999844,89623.71291405971,43175.99762166367,-4.033819841960456,0
69.799998439,89623.41521874076,43176.38197618106,-4.054381577827182,0
69.849998438,89623.11170818402,43176.766227414075,-4.075099920389512,0
69.949998436,89622.55235748556,43177.55937000694,-4.120451499201952,0
69.999998435,89622.28327455316,43177.964983996375,-4.14600129675109,0
70.049998434,89622.02295246015,43178.37828681245,-4.173229612130511,0
70.149998432,89621.54562368599,43179.223175807165,-4.250397642473384,0
70.19999843,89621.32492028904,43179.6601533037,-4.296732469377802,0
70.299998428,89620.97390330872,43180.55772988334,-4.410441372140182,0
70.349998427,89620.82982979281,43181.019398732155,-4.4745084907811155,0
70.449998425,89620.6515563682,43181.95395986885,-4.611396491914441,0
70.499998424,89620.60674799325,43182.42987366281,-4.689900193014872,0
70.549998423,89620.6040194669,43182.900270752405,-4.77266898904998,0
70.599998421,89620.62938171174,43183.36926307546,-4.867927233143273,0
70.64999842,89620.72243734602,43183.82784196447,-4.978647619583728,0
70.699998419,89620.84627995132,43184.27321192239,-5.072700189283518,0
70.799998417,89621.22434390387,43185.104051736496,-5.241020012039182,0
70.849998416,89621.45072433069,43185.49096681733,-5.318071868413787,0
70.999998413,89622.31256236453,43186.5116982513,-5.554112195757916,0
71.049998411,89622.64921018589,43186.80016919895,-5.63253396269146,0
71.149998409,89623.37639363731,43187.29836313825,-5.784739892168759,0
71.249998407,89624.16391165972,43187.66758560742,-5.913544989750905,0
71.299998406,89624.57634152586,43187.8217763629,-5.973385749419352,0
71.399998404,89625.42279914003,43188.04794791979,-6.0797018381963035,0
71.449998402,89625.85553327078,43188.12958138081,-6.126744294786089,0
71.5499984,89626.72679224795,43188.23534903099,-6.218335164089305,0
71.599998399,89627.16553685203,43188.25295794117,-6.260483368836879,0
71.649998398,89627.60343479588,43188.25926708463,-6.3017606752450055,0
71.699998397,89628.04908952049,43188.24366563842,-6.345546559248074,0
71.799998395,89628.93055896605,43188.154226835104,-6.430057978442079,0
71.849998394,89629.36711513755,43188.08680657214,-6.470593972299381,0
71.949998391,89630.22996177067,43187.88409844829,-6.549860084475496,0
71.99999839,89630.65770070441,43187.76188495027,-6.590062374405131,0
72.099998388,89631.50320700207,43187.464534608225,-6.6708487322584595,0
72.199998386,89632.31514224429,43187.0959562105,-6.755422938821498,0
72.299998383,89633.094046611,43186.65805427958,-6.843707402782027,0
72.349998382,89633.47173291587,43186.414926239595,-6.883490009029387,0
72.399998381,89633.83190826923,43186.154463279345,-6.919752375696878,0
72.499998379,89634.5321918046,43185.596520717365,-6.975445685492818,0
72.549998378,89634.88150028358,43185.30858218812,-6.998517757218982,0
72.599998377,89635.21030882999,43185.00330964092,-7.007673438228926,0
72.649998376,89635.54639181237,43184.70670356925,-7.011006054828025,0
72.699998375,89635.8907558302,43184.40687267711,-7.000371355050581,0
72.749998373,89636.22478583346,43184.10374741881,-6.986033776339242,0
72.799998372,89636.57290956119,43183.815582665215,-6.964473694872345,0
72.849998371,89636.92745678018,43183.53010440993,-6.935953435527787,0
72.949998369,89637.66388732186,43183.00004891727,-6.842206729027069,0
73.049998367,89638.45138462353,43182.54901281251,-6.743113844968981,0
73.149998364,89639.274899638,43182.171893763414,-6.641853121902002,0
73.199998363,89639.70262831355,43182.01730125994,-6.5874285122833305,0
73.299998361,89640.57864826614,43181.77793370358,-6.475494489935246,0
73.34999836,89641.02776048034,43181.700615883055,-6.424086535425295,0
73.449998358,89641.92246918919,43181.60936079297,-6.3238110606684845,0
73.499998357,89642.37675955171,43181.605920765265,-6.269807154499136,0
73.599998354,89643.27514144088,43181.65024998814,-6.179429110343513,0
73.699998352,89644.17168402541,43181.77207323784,-6.101976958876536,0
73.749998351,89644.61507384812,43181.86773222828,-6.067292355129494,0
73.849998349,89645.49392829169,43182.092160488544,-6.001458461868832,0
73.949998347,89646.35717508053,43182.367687749495,-5.948625183760709,0
74.049998344,89647.22010132477,43182.68857570947,-5.904918123593144,0
74.099998343,89647.64772717621,43182.866003464114,-5.885881413685273,0
74.199998341,89648.48759332485,43183.23819077604,-5.8524123510250385,0
74.299998339,89649.3279355187,43183.64424379372,-5.826292155642417,0
74.349998338,89649.7404959767,43183.854485677395,-5.817497155428311,0
74.449998335,89650.57439761724,43184.28361825206,-5.810736868789229,0
74.499998334,89650.9963747804,43184.502662267565,-5.815865661169738,0
74.599998332,89651.84175106966,43184.92857553483,-5.833757952230342,0
74.649998331,89652.26375106965,43185.13957553483,-5.850508321631735,0
74.749998329,89653.13566678767,43185.531899048605,-5.896246897459965,0
74.799998328,89653.57492571119,43185.71540693717,-5.921618835408437,0
74.949998324,89654.94203914264,43186.18327274735,-6.013600872551403,0
74.999998323,89655.40593605259,43186.30638574047,-6.051819657284649,0
75.099998321,89656.35578394347,43186.51121877997,-6.138592202939596,0
75.199998319,89657.32085797284,43186.622974610065,-6.2490048207009465,0
75.249998318,89657.80649704914,43186.63526969515,-6.307683110819716,0
75.349998315,89658.7750625763,43186.56919157404,-6.443883355550327,0
75.399998314,89659.24212692995,43186.48919505028,-6.526287296347742,0
75.499998312,89660.1550770936,43186.21736575061,-6.709479266220324,0
75.549998311,89660.5772697825,43186.02470319437,-6.809940520434589,0
75.649998309,89661.35043613418,43185.51765193111,-7.014800699074037,0
75.699998307,89661.68640738048,43185.211314269916,-7.111434658040726,0
75.749998306,89661.98938447377,43184.87569482678,-7.203686516532374,0
75.799998305,89662.26109685306,43184.51585705948,-7.2817849591860675,0
75.849998304,89662.49125759733,43184.13745925891,-7.358729467776812,0
75.949998302,89662.88195172434,43183.34563702662,-7.514727777148694,0
76.0499983,89663.1226612646,43182.51691331251,-7.721204555659785,0
76.099998299,89663.18519537807,43182.09293409267,-7.831627670119896,0
76.199998296,89663.14655856306,43181.24807882555,-8.048564483186915,0
76.299998294,89662.93576623255,43180.44335948496,-8.233190948884081,0
76.349998293,89662.78319459263,43180.058576751006,-8.30589165859505,0
76.399998292,89662.58609890987,43179.69774423738,-8.371000725506587,0
76.49999829,89662.15410407625,43179.00443194166,-8.458365609818122,0
76.599998287,89661.67687442746,43178.347003365954,-8.545662035149972,0
76.649998286,89661.40606786874,43178.04053659296,-8.59752987898159,0
76.749998284,89660.8354710916,43177.45700712984,-8.691307800100741,0
76.799998283,89660.5197342823,43177.18686539898,-8.73657343450829,0
76.94999828,89659.52121202237,43176.464268262134,-8.870605907485356,0
76.999998278,89659.16211398313,43176.25719182563,-8.908793202913811,0
77.099998276,89658.42662066431,43175.87406177393,-8.982620984723365,0
77.199998274,89657.66803117239,43175.548013809355,-9.047624703837691,0
77.249998273,89657.27410032175,43175.3994277714,-9.073513725256111,0
77.349998271,89656.48874793308,43175.13294871524,-9.114198685784675,0
77.399998269,89656.08779402131,43175.01616054195,-9.129380309967686,0
77.499998267,89655.28080037271,43174.78985851288,-9.145861710362313,0
77.549998266,89654.87461911725,43174.6757327926,-9.147770984317331,0
77.649998264,89654.07013255742,43174.44918478271,-9.143876846869171,0
77.699998263,89653.66351449814,43174.33650772384,-9.13760975090635,0
77.799998261,89652.85244223438,43174.09360055302,-9.115613731807832,0
77.849998259,89652.44682921337,43173.966134549635,-9.09926133360383,0
77.999998256,89651.24853904992,43173.53018428251,-9.033389217463037,0
78.049998255,89650.85255088782,43173.36385225186,-9.008036315280666,0
78.149998253,89650.07737482291,43172.99864656938,-8.94979165637231,0
78.24999825,89649.3260564026,43172.59121750786,-8.872596070902533,0
78.299998249,89648.96521689199,43172.35732887673,-8.83043219727194,0
78.399998247,89648.26571391596,43171.85168558948,-8.738831539787908,0
78.449998246,89647.93677668423,43171.577007466745,-8.6866378580209,0
78.499998245,89647.61518478916,43171.28790415334,-8.63049716917138,0
78.549998244,89647.32398239318,43170.968322085566,-8.562435371900863,0
78.599998243,89647.0341197881,43170.641346501005,-8.493654957127116,0
78.649998242,89646.78498749308,43170.287627070575,-8.423837392285876,0
78.69999824,89646.55692004388,43169.92185308926,-8.348779989777867,0
78.799998238,89646.18319314426,43169.14138507166,-8.173409500892744,0
78.849998237,89646.04771754969,43168.72593332716,-8.079720363483483,0
78.949998235,89645.90629903735,43167.87314685751,-7.905124600046456,0
79.049998233,89645.92180000001,43167.0174,-7.7613286098257435,0
79.14999823,89646.04162078525,43166.17580908766,-7.62566205547405,0
79.199998229,89646.14604893941,43165.76102454272,-7.551803363753346,0
79.299998227,89646.44232942518,43164.96728141385,-7.3978428866377195,0
79.399998225,89646.85132438569,43164.22502353752,-7.250914490904977,0
79.449998224,89647.10293331968,43163.87592365578,-7.182636265792349,0
79.549998221,89647.6714701617,43163.238056955495,-7.047882463320516,0
79.59999822,89647.98975844307,43162.95017094248,-6.984104305629737,0
79.649998219,89648.32035601855,43162.67993069617,-6.933300541740915,0
79.699998218,89648.66584731356,43162.42983881272,-6.887813141787841,0
79.799998216,89649.38150629941,43161.97095348471,-6.795895184348638,0
79.849998215,89649.76570802624,43161.774929209445,-6.740113981486599,0
79.899998214,89650.15436322222,43161.594848773435,-6.690458992599437,0
79.949998212,89650.54953484227,43161.42816141356,-6.641692548838402,0
79.999998211,89650.96137601614,43161.28548145316,-6.600923002881001,0
80.099998209,89651.78875271199,43161.04793806513,-6.520003441475911,0
80.149998208,89652.21330025651,43160.953094104,-6.481079642227924,0
80.199998207,89652.64496122375,43160.87241942665,-6.4466828053494964,0
80.249998206,89653.07647995157,43160.80689468033,-6.412773662170734,0
80.299998205,89653.51550637493,43160.75834097616,-6.375542924172863,0
80.399998202,89654.39212474403,43160.699873624515,-6.30372238144288,0
80.449998201,89654.83040556834,43160.699793178646,-6.270383787148402,0
80.549998199,89655.72074060026,43160.73550288202,-6.201119391359251,0
80.599998198,89656.15783745576,43160.77624950266,-6.163355842012226,0
80.699998196,89657.03847744511,43160.9078354551,-6.090464261436609,0
80.749998195,89657.48211101162,43160.99993061274,-6.054568618935875,0
80.799998193,89657.9097194688,43161.108387771164,-6.01848742841335,0
80.849998192,89658.34518954736,43161.22921021203,-5.972780743644531,0
80.94999819,89659.18984195699,43161.5375132565,-5.88292411090355,0
81.049998188,89660.00163031851,43161.91743984934,-5.796756712267153,0
81.099998187,89660.3945801612,43162.13544441724,-5.751873579727316,0
81.199998185,89661.15724113773,43162.623174214845,-5.659239890658688,0
81.249998183,89661.5172276303,43162.89158898054,-5.614974443195915,0
81.349998181,89662.20571376722,43163.48101239796,-5.526895469350073,0
81.39999818,89662.53528965866,43163.79687413292,-5.4858239365295915,0
81.499998178,89663.14334648695,43164.46971925956,-5.413235440056503,0
81.599998176,89663.71863526889,43165.182023648995,-5.3572244467959385,0
81.649998174,89663.98340862742,43165.55601673854,-5.339472068609804,0
81.749998172,89664.50960177937,43166.30585413058,-5.318438592208433,0
81.799998171,89664.77308891968,43166.69023530627,-5.323015584549213,0
81.949998168,89665.5864814863,43167.81276025417,-5.391413044108501,0
82.049998166,89666.1848103274,43168.52170279913,-5.467682082446514,0
82.099998164,89666.50290607306,43168.86027428521,-5.514007271945547,0
82.199998162,89667.18447428521,43169.47940607306,-5.6291285680825185,0
82.29999816,89667.93171507241,43170.00463611354,-5.778408640341273,0
82.349998159,89668.33244378593,43170.22340939173,-5.862383483314806,0
82.449998157,89669.17140059613,43170.545016605225,-6.037969801763931,0
82.499998155,89669.60903575658,43170.64697729381,-6.124423058929767,0
82.599998153,89670.50014539597,43170.74682096191,-6.292183401036055,0
82.649998152,89670.94741337933,43170.73321083041,-6.372069952806571,0
82.699998151,89671.3924448113,43170.689614273295,-6.448345864551217,0
82.74999815,89671.82809191511,43170.60993300865,-6.530174950649796,0
82.799998149,89672.2540032583,43170.49508113139,-6.609594399564881,0
82.899998147,89673.06298370988,43170.17620146325,-6.735216045705174,0
82.949998145,89673.45568369943,43169.98274801918,-6.784605043992212,0
82.999998144,89673.83111181472,43169.765011321644,-6.83022449982964,0
83.099998142,89674.56169032969,43169.29204927376,-6.931199941693484,0
83.149998141,89674.90607817972,43169.02737464417,-6.982877904018012,0
83.19999814,89675.23290695772,43168.74234420704,-7.032383428414514,0
83.299998138,89675.85813344736,43168.13137199224,-7.119905165909773,0
83.399998135,89676.42866732915,43167.46414256122,-7.199072921369106,0
83.449998134,89676.6931281124,43167.11290144463,-7.23515612688818,0
83.549998132,89677.18546223464,43166.378709106124,-7.303545866526244,0
83.599998131,89677.41124731698,43165.99845019346,-7.334846766630495,0
83.699998129,89677.83452783413,43165.21661871974,-7.390027086776779,0
83.799998126,89678.22282518382,43164.410393966216,-7.440972699889055,0
83.849998125,89678.39339266898,43163.99627782408,-7.466434403322288,0
83.949998123,89678.72795169565,43163.156497572,-7.517338244894236,0
84.049998121,89679.00255113193,43162.29585782494,-7.569263588014592,0
84.149998119,89679.23889960632,43161.41683429194,-7.624386894321065,0
84.199998117,89679.34295171966,43160.969988644945,-7.65700129287215,0
84.299998115,89679.4975196626,43160.0680052157,-7.728704643933158,0
84.349998114,89679.5515314863,43159.61345311653,-7.765461193981646,0
84.449998112,89679.60366457593,43158.6936007657,-7.838373560754077,0
84.499998111,89679.59823602013,43158.235937845595,-7.87834981554582,0
84.599998109,89679.54931957179,43157.31453429893,-7.968304885384994,0
84.699998106,89679.40570596576,43156.3992324681,-8.064832225630212,0
84.749998105,89679.29938879985,43155.94439626902,-8.11508453557333,0
84.849998103,89679.02652403964,43155.06361487884,-8.218541302123471,0
84.949998101,89678.6567065289,43154.213458542006,-8.325357849081804,0
85.049998098,89678.20029154203,43153.40632582981,-8.444815758029785,0
85.099998097,89677.9264458225,43153.02945510184,-8.50129713970675,0
85.199998095,89677.34481595563,43152.30932605973,-8.604459140684947,0
85.249998094,89677.0104260725,43151.977712324595,-8.661559491036254,0
85.299998093,89676.66462299503,43151.66323922295,-8.712464090601083,0
85.349998092,89676.31449813678,43151.3611308448,-8.756311145091393,0
85.399998091,89675.93624027797,43151.08526075771,-8.797136479793316,0
85.44999809,89675.55642810442,43150.81413951841,-8.833544170362067,0
85.499998088,89675.15901643169,43150.56225505806,-8.869835114183779,0
85.549998087,89674.75611315263,43150.31899241556,-8.907109491142222,0
85.599998086,89674.34592480065,43150.08669776008,-8.943346696445518,0
85.649998085,89673.92633830212,43149.87878381187,-8.978527253269332,0
85.749998083,89673.05951400139,43149.495568055565,-9.045166453778501,0
85.799998082,89672.61812174776,43149.3288247968,-9.075977974861976,0
85.899998079,89671.71469602882,43149.025145106156,-9.131889268440379,0
85.949998078,89671.2512184473,43148.892821904716,-9.157062369766757,0
85.999998077,89670.78825861798,43148.77576748727,-9.180617047182757,0
86.099998075,89669.8483056693,43148.557901515305,-9.220468379127476,0
86.149998074,89669.37824928814,43148.4665478037,-9.235213617903336,0
86.249998072,89668.42370410197,43148.29378598728,-9.255666124533555,0
86.299998071,89667.94676486519,43148.21371422355,-9.26027366404717,0
86.399998068,89666.98531220706,43148.06003120795,-9.259945511748839,0
86.499998066,89666.02495006363,43147.89778675179,-9.245082361615298,0
86.549998065,89665.54873051078,43147.80903936214,-9.231236553604882,0
86.599998064,89665.06501410941,43147.7124139567,-9.215610425393685,0
86.699998062,89664.12201405002,43147.49536562143,-9.172185992631105,0
86.74999806,89663.6464915938,43147.369533108555,-9.14168563964561,0
86.849998058,89662.72122794099,43147.072565565715,-9.058720354161299,0
86.949998056,89661.83141953715,43146.69025437434,-8.959554946416054,0
87.049998054,89660.98462867762,43146.2158093264,-8.842438229602307,0
87.099998053,89660.58384124366,43145.9522270724,-8.787743732260973,0
87.19999805,89659.83631173709,43145.341082697836,-8.679327502843698,0
87.299998048,89659.16180069461,43144.649828597845,-8.570785252905186,0
87.349998047,89658.8506313208,43144.282092843205,-8.519764031291063,0
87.449998045,89658.29326653812,43143.50001131983,-8.413914647120551,0
87.499998044,89658.04826565238,43143.08502359771,-8.358893473829411,0
87.599998041,89657.61993164057,43142.22345408616,-8.255916226444741,0
87.699998039,89657.27404580593,43141.32358418956,-8.149226112305106,0
87.749998038,89657.13919588499,43140.858085990556,-8.099396462541975,0
87.849998036,89656.95726622961,43139.91275816412,-8.00033015253876,0
87.949998034,89656.8577541821,43138.956018841796,-7.916703053503722,0
88.049998031,89656.82745972874,43137.99413703261,-7.8570335953949915,0
88.149998029,89656.85986718095,43137.025234668945,-7.815817333720975,0
88.199998028,89656.87531531468,43136.54083300413,-7.805998546373429,0
88.299998026,89656.94630499232,43135.568537202606,-7.804511834651854,0
88.399998024,89657.00072937891,43134.59602595577,-7.8228573162550115,0
88.449998022,89657.00855989156,43134.107237670614,-7.842630103664788,0
88.54999802,89657.01554628099,43133.13480000555,-7.892860624011897,0
88.599998019,89657.00365074334,43132.64613311044,-7.922032962624082,0
88.699998017,89656.91664303261,43131.674429885396,-7.979751666375641,0
88.749998016,89656.85345674542,43131.194561126795,-8.004610729702451,0
88.799998015,89656.77513526111,43130.7114988607,-8.025523102480575,0
88.949998011,89656.49662361316,43129.280087612606,-8.07115763883952,0
89.049998009,89656.27735694626,43128.32873053049,-8.117514026447711,0
89.099998008,89656.15623136293,43127.85701602788,-8.144359944985982,0
89.199998006,89655.85786287126,43126.93219661068,-8.2085535073262,0
89.299998003,89655.49705506899,43126.02802941913,-8.286765798107865,0
89.349998002,89655.29332410304,43125.59032272881,-8.335620609317534,0
89.449998,89654.8150669118,43124.755526032364,-8.443706492220327,0
89.499997999,89654.54720559422,43124.35919938394,-8.4983179110306,0
89.599997997,89653.95367343086,43123.6222637559,-8.610205662865463,0
89.699997995,89653.27366281935,43122.960401591095,-8.73508372873617,0
89.749997993,89652.90353179668,43122.66758671119,-8.803714902492462,0
89.799997992,89652.51835344409,43122.39866209385,-8.874430985361018,0
89.949997989,89651.25711927924,43121.76392770498,-9.064244228000698,0
90.049997987,89650.35518821556,43121.46374680545,-9.164088842435072,0
90.099997986,89649.89755117132,43121.352597433644,-9.21004560262477,0
90.199997983,89648.9709950083,43121.182896552455,-9.291857677555967,0
90.299997981,89648.02265306046,43121.08575040885,-9.357990005492416,0
90.34999798,89647.54519004896,43121.059469884,-9.388436130586625,0
90.449997978,89646.59140000572,43121.058345469806,-9.447871603696603,0
90.499997977,89646.11513575583,43121.07061181509,-9.4733351936106,0
90.549997976,89645.63090789867,43121.10254960493,-9.496881066302072,0
90.599997974,89645.1546059384,43121.14424653025,-9.516693829985385,0
90.649997973,89644.67864824826,43121.19132359889,-9.539498751434927,0
90.699997972,89644.19473541644,43121.251716008795,-9.560939683786915,0
90.749997971,89643.71870717908,43121.31890623439,-9.581175694356713,0
90.79999797,89643.24298662592,43121.39914393835,-9.601323413332384,0
90.899997968,89642.29167349893,43121.589004575115,-9.639547473979002,0
90.999997965,89641.34029035523,43121.81186830704,-9.67521462170366,0
91.049997964,89640.87339617676,43121.94015508698,-9.693150296047106,0
91.149997962,89639.93799940357,43122.21329795505,-9.736100150902425,0
91.199997961,89639.47081809225,43122.367351002584,-9.76379571736919,0
91.299997959,89638.56146877316,43122.71312603611,-9.82377125224309,0
91.399997957,89637.67730480415,43123.115508688425,-9.892718336424625,0
91.449997955,89637.24410212133,43123.34298185603,-9.928979805192629,0
91.549997953,89636.40930592903,43123.83615480886,-10.009479914461789,0
91.599997952,89636.00873319116,43124.111001126344,-10.052220653738189,0
91.69999795,89635.23971157125,43124.70229377154,-10.136196134334005,0
91.749997949,89634.87043627126,43125.02181650362,-10.176203386354475,0
91.849997946,89634.1833522369,43125.71094776311,-10.252821330620915,0
91.949997944,89633.54889245349,43126.443061615144,-10.310215840897596,0
92.049997942,89632.94998024618,43127.209368284755,-10.349595752448767,0
92.099997941,89632.6541712037,43127.59673285932,-10.366082858217222,0
92.199997939,89632.10007074196,43128.39211755479,-10.388239627484165,0
92.299997936,89631.54889793228,43129.19529989627,-10.401948945897987,0
92.349997935,89631.27687042332,43129.60259254363,-10.405140886347493,0
92.449997933,89630.74063641844,43130.412991332116,-10.407146252659802,0
92.499997932,89630.46429731217,43130.8175433892,-10.406050100543856,0
92.59999793,89629.92797434657,43131.63165078338,-10.402436480302287,0
92.699997927,89629.37715934473,43132.43764164452,-10.397712907874295,0
92.749997926,89629.10488469417,43132.84463490217,-10.39522420181455,0
92.849997924,89628.54633141693,43133.64649237729,-10.389962539255974,0
92.949997922,89627.99195576689,43134.451579253844,-10.385245722812774,0
92.999997921,89627.70926403438,43134.84914219791,-10.383710907952215,0
93.04999792,89627.42898512913,43135.25206001093,-10.38235743031917,0
93.099997919,89627.14716705919,43135.64998550503,-10.382635987697451,0
93.199997916,89626.59222096718,43136.44685299603,-10.387539566531688,0
93.249997915,89626.3119704546,43136.84991966241,-10.39208463873418,0
93.299997914,89626.03072070808,43137.25208489054,-10.399636790472645,0
93.349997913,89625.76004763244,43137.656433684475,-10.40675977791131,0
93.399997912,89625.49847434658,43138.06535078338,-10.413802474646484,0
93.49999791,89624.96006704484,43138.88206672339,-10.427699978847208,0
93.549997908,89624.69488776167,43139.29250965106,-10.43387286077846,0
93.599997907,89624.44063568451,43139.709088835174,-10.43878571037785,0
