arxiv_id,source_id,study_family_id,primary_title,newsletter_date,paper_first_published,paper_checked_version,paper_checked_version_date,domain,source_review_status,article_status,article_slug,candidate_slug,batch_id,article_intent,publication_gate,next_action,priority_note
2609.16737,NEWS-ARXIV-2609.16737-v2,cuenav,Visual Cue Guided Video Planning for Generalizable Robot Navigation,2026-09-17,2026-09-15,v2,2026-09-16,navigation,調査済み（書誌と明記した範囲のみ）,awaiting_fuller_review,,visual-cue-video-planning-2026,human-aware-goals,video plannerと機体固有inverse dynamicsの分担,狭路成功率の母数・約4秒の計画遅延・異機体転移の実験条件を追加確認,原著の方法・評価・制約と公開物をさらに精読して1本の技術記事にする,既存のユーザー指定優先度を保全。batchは候補整理であり順位の上書きではない
2609.17168,NEWS-ARXIV-2609.17168-v1,humemslam,HuMemSLAM: Efficient Human-Inspired Semantic Place Recognition for Robust Visual SLAM,2026-09-17,2026-09-15,v1,2026-09-15,navigation,調査済み（書誌と明記した範囲のみ）,awaiting_fuller_review,,humemslam-2026,dynamic-world-navigation,意味記憶でloop候補を絞る：場所認識と幾何検証の分担,正式題名を使用。候補削減・recall・誤closure・ATEのtrade-offを同条件で読む,原著の方法・評価・制約と公開物をさらに精読して1本の技術記事にする,既存のユーザー指定優先度を保全。batchは候補整理であり順位の上書きではない
2609.14634,NEWS-ARXIV-2609.14634-v1,scout-slam,SCOUT-SLAM: Structurally-Coupled Dual Uncertainty-Aware 3DGS SLAM in the Wild,2026-09-17,2026-09-13,v1,2026-09-13,navigation,調査済み（書誌と明記した範囲のみ）,awaiting_fuller_review,,scout-slam-2026,dynamic-world-navigation,動的3DGS SLAMにおける追跡と再構成の不確実性,正式題名を使用。ATEと再構成指標を分け、keyframe計算条件を精読,原著の方法・評価・制約と公開物をさらに精読して1本の技術記事にする,既存のユーザー指定優先度を保全。batchは候補整理であり順位の上書きではない
2609.18125,NEWS-ARXIV-2609.18125-v1,prism-social-navigation,PRISM: Predictive Representation of Interaction Style and Motion for Social Robot Navigation,2026-09-17,2026-09-16,v1,2026-09-16,navigation,調査済み（書誌と明記した範囲のみ）,awaiting_fuller_review,,prism-social-navigation-2026,human-aware-goals,相互作用スタイルを予測するsocial navigation,人格認識や実歩行者への検証と誤記しない。Turtlebot/ORCA・GTtracking条件を確認,原著の方法・評価・制約と公開物をさらに精読して1本の技術記事にする,既存のユーザー指定優先度を保全。batchは候補整理であり順位の上書きではない
2609.18623,NEWS-ARXIV-2609.18623-v1,five-vla,FIVE-VLA: Fast and EffectIVE Autonomous Driving with Recurrent Action Memory,2026-09-17,2026-09-16,v1,2026-09-16,e2e,調査済み（書誌と明記した範囲のみ）,awaiting_fuller_review,,five-vla-2026,driving-latency-and-memory,recurrent action memoryで軽量VLAの運転をつなぐ,正式題名とrecurrent action memoryを主軸に。CARLA/非反応型評価/hardware FPSを分ける,原著の方法・評価・制約と公開物をさらに精読して1本の技術記事にする,既存のユーザー指定優先度を保全。batchは候補整理であり順位の上書きではない
2609.15169,NEWS-ARXIV-2609.15169-v1,grava,GRAVA: Grounded Reasoning-to-Action Representation and Learning for Autonomous Driving,2026-09-17,2026-09-14,v1,2026-09-14,e2e,調査済み（書誌と明記した範囲のみ）,awaiting_fuller_review,,grava-2026,grounded-planning-and-data,認識・関係・行動を結び付けるgrounded reasoning,正しい書誌とNAVSIMの非反応型評価条件を精読し、説明品質を運転安全性へ読み替えない,原著の方法・評価・制約と公開物をさらに精読して1本の技術記事にする,既存のユーザー指定優先度を保全。batchは候補整理であり順位の上書きではない
2609.16919,NEWS-ARXIV-2609.16919-v1,neurosymbead,NeuroSymbEAD: A Large Scale Neuro-Symbolic Caption Dataset for Omni-Directional Embodied Autonomous Driving,2026-09-17,2026-09-15,v1,2026-09-15,e2e,調査済み（書誌と明記した範囲のみ）,awaiting_fuller_review,,neurosymbead-2026,grounded-planning-and-data,物体と関係に根拠を持つcaptionデータをどう使うか,正式題名を使用。caption/perception評価とpolicy planning評価を分け、dataset実公開を再確認,原著の方法・評価・制約と公開物をさらに精読して1本の技術記事にする,既存のユーザー指定優先度を保全。batchは候補整理であり順位の上書きではない
2609.25969,NEWS-ARXIV-2609.25969-v1,loop-occupancy,Predict Before You Step: Auditable Occupancy Forecasting for Dynamic Obstacle Avoidance under Sparse Guidance,2026-09-24,2026-09-22,v1,2026-09-22,navigation,調査済み（書誌と明記した範囲のみ）,on_hold_primary_inconsistency,,loop-occupancy-forecasting-2026,hold-primary-inconsistency,LiDAR履歴のoccupancy予測を速度指令へ結び付ける,原著abstractの実機16回無衝突とlimitationsの実機closed-loop将来課題がPDFでも矛盾。版更新/著者訂正を確認するまで実機成功を事実として公開しない,原著の版更新または訂正を確認し、矛盾を解消するまで実機成功を公開しない,既存のユーザー指定優先度を保全。batchは候補整理であり順位の上書きではない
2609.28467,NEWS-ARXIV-2609.28467-v1,robot-group-joining,Where Should I Join? Robot Group Joining via Language-Guided Goal Prediction,2026-09-24,2026-09-23,v1,2026-09-23,navigation,調査済み（書誌と明記した範囲のみ）,awaiting_fuller_review,,robot-group-joining-2026,human-aware-goals,安全に進む前に、どこへ加わるかを決める,goal-pose予測と既存navigation stackを分け、20試行の小規模評価を一般化しない,原著の方法・評価・制約と公開物をさらに精読して1本の技術記事にする,既存のユーザー指定優先度を保全。batchは候補整理であり順位の上書きではない
2609.26618,NEWS-ARXIV-2609.26618-v1,navsafe-infinity,NavSafe-∞: Benchmarking Closed-Loop Driving Safety in Photorealistic Environments,2026-09-24,2026-09-22,v1,2026-09-22,e2e,調査済み（書誌と明記した範囲のみ）,awaiting_fuller_review,,navsafe-infinity-2026,safety-benchmark-next,open-loop報酬とclosed-loop安全の乖離を事象別に測る,280scenarios/28categoriesの論文条件、policy比較、コード公開状態を精読。実車保証とはしない,原著の方法・評価・制約と公開物をさらに精読して1本の技術記事にする,既存のユーザー指定優先度を保全。batchは候補整理であり順位の上書きではない
2609.26792,NEWS-ARXIV-2609.26792-v1,dreamstream,DreamStream: Towards Policy-Oriented Generative Simulation for End-to-End Driving,2026-09-24,2026-09-22,v1,2026-09-22,e2e,調査済み（書誌と明記した範囲のみ）,ready_for_publication,dreamstream-2026,,first-wave,見た目の忠実さと運転policy評価の妥当性を分ける,FDπ改善と運転安全改善を混同しない。8秒評価・長時間drift・未公開code/dataを明記,Windowsでの生成・根拠・表示検査後に公開し、CIと実配信を確認してpublishedへ更新,既存のユーザー指定優先度を保全。batchは候補整理であり順位の上書きではない
2609.27747,NEWS-ARXIV-2609.27747-v1,lada,"Less Language, More Latents: Annotation-Efficient VLAs for Driving",2026-09-24,2026-09-23,v1,2026-09-23,e2e,調査済み（書誌と明記した範囲のみ）,awaiting_fuller_review,,lada-2026,grounded-planning-and-data,少量の言語ラベルでintentを学ぶ運転VLA,5%言語annotationと基準の学習/計算量条件を精読。未知指示や実車安全の実証とはしない,原著の方法・評価・制約と公開物をさらに精読して1本の技術記事にする,既存のユーザー指定優先度を保全。batchは候補整理であり順位の上書きではない
2609.26299,NEWS-ARXIV-2609.26299-v2,foredrive,ForeDrive: Foresight-Guided End-to-End Autonomous Driving with a Planning-Relevant Latent World Model,2026-09-24,2026-09-22,v2,2026-09-23,e2e,調査済み（書誌と明記した範囲のみ）,awaiting_fuller_review,,foredrive-2026,grounded-planning-and-data,未来映像を生成せずplanningに役立つlatentを使う,現camera入力と訓練時未来教師を分け、non-reactive評価の範囲を明記,原著の方法・評価・制約と公開物をさらに精読して1本の技術記事にする,既存のユーザー指定優先度を保全。batchは候補整理であり順位の上書きではない
2609.39166,NEWS-ARXIV-2609.39166-v2,evolvingnav,Beyond the Remembered World: Predictive 4D Belief for Persistent Navigation in Evolving Worlds,2026-10-01,2026-09-30,v2,2026-10-01,navigation,調査済み（書誌と明記した範囲のみ）,awaiting_fuller_review,,evolvingnav-2026,dynamic-world-navigation,古い物体位置を信じ続けない：4D beliefと意味記憶の鮮度,シミュレーションの探索成功率と実機64episodeの成績を分け、SLAM幾何精度改善とは言わない,原著の方法・評価・制約と公開物をさらに精読して1本の技術記事にする,既存のユーザー指定優先度を保全。batchは候補整理であり順位の上書きではない
2609.38873,NEWS-ARXIV-2609.38873-v1,dodger,DODGER: Safety-Guided Reinforcement Learning for Robot Navigation Among Dynamic Obstacles,2026-10-01,2026-09-30,v1,2026-09-30,navigation,調査済み（書誌と明記した範囲のみ）,awaiting_fuller_review,,dodger-2026,dynamic-world-navigation,CBFを学習時の教師にすることと実行時の安全保証の違い,97.27%の観測上限解除条件・実機例の小規模性・barrier違反を含む限界を精読,原著の方法・評価・制約と公開物をさらに精読して1本の技術記事にする,既存のユーザー指定優先度を保全。batchは候補整理であり順位の上書きではない
2609.40244,NEWS-ARXIV-2609.40244-v1,streamrig,StreamRig: Exploiting Intra-Rig Geometry for Streaming Multi-Camera Odometry,2026-10-01,2026-09-30,v1,2026-09-30,navigation,調査済み（書誌と明記した範囲のみ）,ready_for_publication,streamrig-2026,,first-wave,multi-camera rigを時間方向につなぐodometryと評価条件,NCLT/KITTI学習とZJH zero-shotを分け、GTjoin、up-to-scale、noncommercial code licenseを明記,Windowsでの生成・根拠・表示検査後に公開し、CIと実配信を確認してpublishedへ更新,既存のユーザー指定優先度を保全。batchは候補整理であり順位の上書きではない
2609.38948,NEWS-ARXIV-2609.38948-v1,drivingbench,DrivingBench: Can Vision-Language Models Drive a Toyota Corolla?,2026-10-01,2026-09-30,v1,2026-09-30,e2e,調査済み（書誌と明記した範囲のみ）,awaiting_fuller_review,,drivingbench-2026,driving-latency-and-memory,低速実車で見えたVLM指令の遅れと評価の限界,private parking lot・安全driver・同一conversationに残る試行文脈、engagementとfinish到達時刻を区別,原著の方法・評価・制約と公開物をさらに精読して1本の技術記事にする,既存のユーザー指定優先度を保全。batchは候補整理であり順位の上書きではない
2609.38463,NEWS-ARXIV-2609.38463-v1,traffic-sign-bench,TrafficSignBench: Rule-Centric Closed-Loop Evaluation of Traffic-Sign Compliance in Autonomous Driving,2026-10-01,2026-09-29,v1,2026-09-29,e2e,調査済み（書誌と明記した範囲のみ）,ready_for_publication,traffic-sign-bench-2026,,first-wave,到達できても交通規則に従えない：標識別closed-loop評価,"semantic BEVのplanner評価、SCD集約法、29,000生成scenarioと5,800testを正確に説明",Windowsでの生成・根拠・表示検査後に公開し、CIと実配信を確認してpublishedへ更新,既存のユーザー指定優先度を保全。batchは候補整理であり順位の上書きではない
2609.39995,NEWS-ARXIV-2609.39995-v2,rule-aligned-diffusion-planning,Learning to Explain While Planning: Rule-Aligned Diffusion Planning for Autonomous Driving,2026-10-01,2026-09-30,v2,2026-10-01,e2e,調査済み（書誌と明記した範囲のみ）,awaiting_fuller_review,,rule-aligned-diffusion-2026,grounded-planning-and-data,diffusion plannerの判断へ規則が与える圧力を読む,v2書誌訂正と同本文、nuPlan planner-level評価・難scenario中心の改善・保証なしを明記,原著の方法・評価・制約と公開物をさらに精読して1本の技術記事にする,既存のユーザー指定優先度を保全。batchは候補整理であり順位の上書きではない
2609.38641,NEWS-ARXIV-2609.38641-v1,ad-memo,Vision-Language-Action Autonomous Driving Agent with Language-based Memory,2026-10-01,2026-09-29,v1,2026-09-29,e2e,調査済み（書誌と明記した範囲のみ）,awaiting_fuller_review,,ad-memo-2026,driving-latency-and-memory,言語memoryが閉ループでも車両stateはreplay：Da Capoを読む,学習のsemi-closed-loopと相互作用する運転closed-loopを混同しない,原著の方法・評価・制約と公開物をさらに精読して1本の技術記事にする,既存のユーザー指定優先度を保全。batchは候補整理であり順位の上書きではない
