era,era_label,domain,domain_label,source_type,source_type_label,status,coverage_complete,checked_source_count,study_family_count,source_ids,checked_scope,remaining,checked_date
foundation,期間前の基礎（2018-10-02より前）,e2e,E2E自動運転,paper,原著論文（査読あり）,未調査,False,0,0,[],,候補探索・一次資料の確認が必要,2026-10-02
foundation,期間前の基礎（2018-10-02より前）,e2e,E2E自動運転,preprint,プレプリント,調査済み,False,1,1,"[""E2E-CIL""]",abstract; pre-window background only,確認した資料以外の探索、除外理由、版・評価条件の照合は未完了,2026-10-02
foundation,期間前の基礎（2018-10-02より前）,e2e,E2E自動運転,survey,サーベイ,未調査,False,0,0,[],,候補探索・一次資料の確認が必要,2026-10-02
foundation,期間前の基礎（2018-10-02より前）,e2e,E2E自動運転,code,公式コード・ソフトウェア,未調査,False,0,0,[],,候補探索・一次資料の確認が必要,2026-10-02
foundation,期間前の基礎（2018-10-02より前）,e2e,E2E自動運転,benchmark,ベンチマーク・データ・競技規則,未調査,False,0,0,[],,候補探索・一次資料の確認が必要,2026-10-02
foundation,期間前の基礎（2018-10-02より前）,e2e,E2E自動運転,technical,公式技術記事・講演・仕様,未調査,False,0,0,[],,候補探索・一次資料の確認が必要,2026-10-02
foundation,期間前の基礎（2018-10-02より前）,racing,高速自律レーシング,paper,原著論文（査読あり）,未調査,False,0,0,[],,候補探索・一次資料の確認が必要,2026-10-02
foundation,期間前の基礎（2018-10-02より前）,racing,高速自律レーシング,preprint,プレプリント,未調査,False,0,0,[],,候補探索・一次資料の確認が必要,2026-10-02
foundation,期間前の基礎（2018-10-02より前）,racing,高速自律レーシング,survey,サーベイ,未調査,False,0,0,[],,候補探索・一次資料の確認が必要,2026-10-02
foundation,期間前の基礎（2018-10-02より前）,racing,高速自律レーシング,code,公式コード・ソフトウェア,未調査,False,0,0,[],,候補探索・一次資料の確認が必要,2026-10-02
foundation,期間前の基礎（2018-10-02より前）,racing,高速自律レーシング,benchmark,ベンチマーク・データ・競技規則,未調査,False,0,0,[],,候補探索・一次資料の確認が必要,2026-10-02
foundation,期間前の基礎（2018-10-02より前）,racing,高速自律レーシング,technical,公式技術記事・講演・仕様,未調査,False,0,0,[],,候補探索・一次資料の確認が必要,2026-10-02
foundation,期間前の基礎（2018-10-02より前）,control,MPC・MPPI・安全制御,paper,原著論文（査読あり）,未調査,False,0,0,[],,候補探索・一次資料の確認が必要,2026-10-02
foundation,期間前の基礎（2018-10-02より前）,control,MPC・MPPI・安全制御,preprint,プレプリント,調査済み,False,1,1,"[""C01""]",Primary abstract; year/DOI cross-checked institutional author publication record; existing site article inspected,確認した資料以外の探索、除外理由、版・評価条件の照合は未完了,2026-10-02
foundation,期間前の基礎（2018-10-02より前）,control,MPC・MPPI・安全制御,survey,サーベイ,未調査,False,0,0,[],,候補探索・一次資料の確認が必要,2026-10-02
foundation,期間前の基礎（2018-10-02より前）,control,MPC・MPPI・安全制御,code,公式コード・ソフトウェア,未調査,False,0,0,[],,候補探索・一次資料の確認が必要,2026-10-02
foundation,期間前の基礎（2018-10-02より前）,control,MPC・MPPI・安全制御,benchmark,ベンチマーク・データ・競技規則,未調査,False,0,0,[],,候補探索・一次資料の確認が必要,2026-10-02
foundation,期間前の基礎（2018-10-02より前）,control,MPC・MPPI・安全制御,technical,公式技術記事・講演・仕様,未調査,False,0,0,[],,候補探索・一次資料の確認が必要,2026-10-02
foundation,期間前の基礎（2018-10-02より前）,navigation,移動ロボット・SLAM・Human-aware navigation,paper,原著論文（査読あり）,未調査,False,0,0,[],,候補探索・一次資料の確認が必要,2026-10-02
foundation,期間前の基礎（2018-10-02より前）,navigation,移動ロボット・SLAM・Human-aware navigation,preprint,プレプリント,未調査,False,0,0,[],,候補探索・一次資料の確認が必要,2026-10-02
foundation,期間前の基礎（2018-10-02より前）,navigation,移動ロボット・SLAM・Human-aware navigation,survey,サーベイ,未調査,False,0,0,[],,候補探索・一次資料の確認が必要,2026-10-02
foundation,期間前の基礎（2018-10-02より前）,navigation,移動ロボット・SLAM・Human-aware navigation,code,公式コード・ソフトウェア,未調査,False,0,0,[],,候補探索・一次資料の確認が必要,2026-10-02
foundation,期間前の基礎（2018-10-02より前）,navigation,移動ロボット・SLAM・Human-aware navigation,benchmark,ベンチマーク・データ・競技規則,未調査,False,0,0,[],,候補探索・一次資料の確認が必要,2026-10-02
foundation,期間前の基礎（2018-10-02より前）,navigation,移動ロボット・SLAM・Human-aware navigation,technical,公式技術記事・講演・仕様,未調査,False,0,0,[],,候補探索・一次資料の確認が必要,2026-10-02
2018-2020,2018-10-02–2020,e2e,E2E自動運転,paper,原著論文（査読あり）,調査済み,False,1,1,"[""E2E-LBC""]",official proceedings abstract and bibliographic data; privileged teacher and camera student,確認した資料以外の探索、除外理由、版・評価条件の照合は未完了,2026-10-02
2018-2020,2018-10-02–2020,e2e,E2E自動運転,preprint,プレプリント,調査済み,False,2,2,"[""E2E-CHAUFFEUR"", ""E2E-BC""]",abstract; structured input and perturbed demonstration concept only / abstract; dataset bias and generalization concept; no numeric result reused,確認した資料以外の探索、除外理由、版・評価条件の照合は未完了,2026-10-02
2018-2020,2018-10-02–2020,e2e,E2E自動運転,survey,サーベイ,未調査,False,0,0,[],,候補探索・一次資料の確認が必要,2026-10-02
2018-2020,2018-10-02–2020,e2e,E2E自動運転,code,公式コード・ソフトウェア,未調査,False,0,0,[],,候補探索・一次資料の確認が必要,2026-10-02
2018-2020,2018-10-02–2020,e2e,E2E自動運転,benchmark,ベンチマーク・データ・競技規則,未調査,False,0,0,[],,候補探索・一次資料の確認が必要,2026-10-02
2018-2020,2018-10-02–2020,e2e,E2E自動運転,technical,公式技術記事・講演・仕様,未調査,False,0,0,[],,候補探索・一次資料の確認が必要,2026-10-02
2018-2020,2018-10-02–2020,racing,高速自律レーシング,paper,原著論文（査読あり）,調査済み,False,2,2,"[""R13"", ""R14""]",PDF13pp; selected §§5–6 benchmarks and sim-real discussion / PDF13pp; selected §§2–3 offline population and online robust belief update,確認した資料以外の探索、除外理由、版・評価条件の照合は未完了,2026-10-02
2018-2020,2018-10-02–2020,racing,高速自律レーシング,preprint,プレプリント,調査済み,False,1,1,"[""R12""]","PDF opened40pp; selected §5 pp25–28 on vehicle model, low/high-speed blending, friction/input-rate constraints",確認した資料以外の探索、除外理由、版・評価条件の照合は未完了,2026-10-02
2018-2020,2018-10-02–2020,racing,高速自律レーシング,survey,サーベイ,未調査,False,0,0,[],,候補探索・一次資料の確認が必要,2026-10-02
2018-2020,2018-10-02–2020,racing,高速自律レーシング,code,公式コード・ソフトウェア,調査済み,False,1,1,"[""R04""]",README method options and primary-paper references inspected,確認した資料以外の探索、除外理由、版・評価条件の照合は未完了,2026-10-02
2018-2020,2018-10-02–2020,racing,高速自律レーシング,benchmark,ベンチマーク・データ・競技規則,未調査,False,0,0,[],,候補探索・一次資料の確認が必要,2026-10-02
2018-2020,2018-10-02–2020,racing,高速自律レーシング,technical,公式技術記事・講演・仕様,未調査,False,0,0,[],,候補探索・一次資料の確認が必要,2026-10-02
2018-2020,2018-10-02–2020,control,MPC・MPPI・安全制御,paper,原著論文（査読あり）,未調査,False,0,0,[],,候補探索・一次資料の確認が必要,2026-10-02
2018-2020,2018-10-02–2020,control,MPC・MPPI・安全制御,preprint,プレプリント,調査済み,False,4,4,"[""C03"", ""C04"", ""C05"", ""C15""]",各資料のsource-ledger.checked_scopeに記載した範囲のみ。LMPC v4の方法・評価・条件を追加確認。,領域全体の探索、別版・関連研究と評価条件の精読を継続する,2026-10-03
2018-2020,2018-10-02–2020,control,MPC・MPPI・安全制御,survey,サーベイ,未調査,False,0,0,[],,候補探索・一次資料の確認が必要,2026-10-02
2018-2020,2018-10-02–2020,control,MPC・MPPI・安全制御,code,公式コード・ソフトウェア,未調査,False,0,0,[],,候補探索・一次資料の確認が必要,2026-10-02
2018-2020,2018-10-02–2020,control,MPC・MPPI・安全制御,benchmark,ベンチマーク・データ・競技規則,未調査,False,0,0,[],,候補探索・一次資料の確認が必要,2026-10-02
2018-2020,2018-10-02–2020,control,MPC・MPPI・安全制御,technical,公式技術記事・講演・仕様,未調査,False,0,0,[],,候補探索・一次資料の確認が必要,2026-10-02
2018-2020,2018-10-02–2020,navigation,移動ロボット・SLAM・Human-aware navigation,paper,原著論文（査読あり）,未調査,False,0,0,[],,候補探索・一次資料の確認が必要,2026-10-02
2018-2020,2018-10-02–2020,navigation,移動ロボット・SLAM・Human-aware navigation,preprint,プレプリント,未調査,False,0,0,[],,候補探索・一次資料の確認が必要,2026-10-02
2018-2020,2018-10-02–2020,navigation,移動ロボット・SLAM・Human-aware navigation,survey,サーベイ,未調査,False,0,0,[],,候補探索・一次資料の確認が必要,2026-10-02
2018-2020,2018-10-02–2020,navigation,移動ロボット・SLAM・Human-aware navigation,code,公式コード・ソフトウェア,未調査,False,0,0,[],,候補探索・一次資料の確認が必要,2026-10-02
2018-2020,2018-10-02–2020,navigation,移動ロボット・SLAM・Human-aware navigation,benchmark,ベンチマーク・データ・競技規則,未調査,False,0,0,[],,候補探索・一次資料の確認が必要,2026-10-02
2018-2020,2018-10-02–2020,navigation,移動ロボット・SLAM・Human-aware navigation,technical,公式技術記事・講演・仕様,未調査,False,0,0,[],,候補探索・一次資料の確認が必要,2026-10-02
2021-2022,2021–2022,e2e,E2E自動運転,paper,原著論文（査読あり）,調査済み,False,2,1,"[""E2E-TF-CVF"", ""E2E-TF-SUPP""]","official title/authors/pages and abstract; CVF PDF fetch failed, author arXiv full text used / Sections 1.1,1.2,2.2,4; Algorithm 1; fusion details, PID, teacher speeds and GTX 1080Ti training",確認した資料以外の探索、除外理由、版・評価条件の照合は未完了,2026-10-02
2021-2022,2021–2022,e2e,E2E自動運転,preprint,プレプリント,調査済み,False,5,5,"[""E2E-TF-PAPER"", ""E2E-ROACH"", ""E2E-WOR"", ""E2E-MILE"", ""E2E-UNIAD""]","Sections 1,3,4; Figure 2; Table 1; method, evaluation conditions, DS and RC / abstract and CVF introduction; teacher/student learning boundary only / abstract; nonreactive assumption and value-learning concept only / introduction and model scope: offline IL, latent dynamics, action conditioning, recurrent inference; numerical results not reused / task definitions and joint learning loss Eq14; perception-prediction-planning scope; no quantitative performance compared",確認した資料以外の探索、除外理由、版・評価条件の照合は未完了,2026-10-02
2021-2022,2021–2022,e2e,E2E自動運転,survey,サーベイ,未調査,False,0,0,[],,候補探索・一次資料の確認が必要,2026-10-02
2021-2022,2021–2022,e2e,E2E自動運転,code,公式コード・ソフトウェア,調査済み,False,1,1,"[""E2E-TF-CODE21""]","README datasets and Training checkpoint caveat; branch viewed, full code execution not performed",確認した資料以外の探索、除外理由、版・評価条件の照合は未完了,2026-10-02
2021-2022,2021–2022,e2e,E2E自動運転,benchmark,ベンチマーク・データ・競技規則,未調査,False,0,0,[],,候補探索・一次資料の確認が必要,2026-10-02
2021-2022,2021–2022,e2e,E2E自動運転,technical,公式技術記事・講演・仕様,未調査,False,0,0,[],,候補探索・一次資料の確認が必要,2026-10-02
2021-2022,2021–2022,racing,高速自律レーシング,paper,原著論文（査読あり）,調査済み,False,1,1,"[""R15""]","Official PMLR metadata and abstract; PDF open error, not full-text verified",確認した資料以外の探索、除外理由、版・評価条件の照合は未完了,2026-10-02
2021-2022,2021–2022,racing,高速自律レーシング,preprint,プレプリント,調査済み,False,1,1,"[""R03""]","§§II–IV; dynamics, LUT, lookahead, experiment conditions and TableI",確認した資料以外の探索、除外理由、版・評価条件の照合は未完了,2026-10-02
2021-2022,2021–2022,racing,高速自律レーシング,survey,サーベイ,調査済み,False,1,1,"[""R16""]","Abstract, bibliographic metadata; not full-text read",確認した資料以外の探索、除外理由、版・評価条件の照合は未完了,2026-10-02
2021-2022,2021–2022,racing,高速自律レーシング,code,公式コード・ソフトウェア,未調査,False,0,0,[],,候補探索・一次資料の確認が必要,2026-10-02
2021-2022,2021–2022,racing,高速自律レーシング,benchmark,ベンチマーク・データ・競技規則,未調査,False,0,0,[],,候補探索・一次資料の確認が必要,2026-10-02
2021-2022,2021–2022,racing,高速自律レーシング,technical,公式技術記事・講演・仕様,未調査,False,0,0,[],,候補探索・一次資料の確認が必要,2026-10-02
2021-2022,2021–2022,control,MPC・MPPI・安全制御,paper,原著論文（査読あり）,未調査,False,0,0,[],,候補探索・一次資料の確認が必要,2026-10-02
2021-2022,2021–2022,control,MPC・MPPI・安全制御,preprint,プレプリント,調査済み,False,2,2,"[""C02"", ""C06""]",FULL TEXT 8 pages: §§I–VI; algorithms 1–3; lemmas 1–3; Table I; limitations; PDF text downloaded and read / Full PDF downloaded; introduction and input-lifting mechanism checked; version history and acceptance checked; no numerical benchmark reused,確認した資料以外の探索、除外理由、版・評価条件の照合は未完了,2026-10-02
2021-2022,2021–2022,control,MPC・MPPI・安全制御,survey,サーベイ,未調査,False,0,0,[],,候補探索・一次資料の確認が必要,2026-10-02
2021-2022,2021–2022,control,MPC・MPPI・安全制御,code,公式コード・ソフトウェア,未調査,False,0,0,[],,候補探索・一次資料の確認が必要,2026-10-02
2021-2022,2021–2022,control,MPC・MPPI・安全制御,benchmark,ベンチマーク・データ・競技規則,未調査,False,0,0,[],,候補探索・一次資料の確認が必要,2026-10-02
2021-2022,2021–2022,control,MPC・MPPI・安全制御,technical,公式技術記事・講演・仕様,未調査,False,0,0,[],,候補探索・一次資料の確認が必要,2026-10-02
2021-2022,2021–2022,navigation,移動ロボット・SLAM・Human-aware navigation,paper,原著論文（査読あり）,未調査,False,0,0,[],,候補探索・一次資料の確認が必要,2026-10-02
2021-2022,2021–2022,navigation,移動ロボット・SLAM・Human-aware navigation,preprint,プレプリント,未調査,False,0,0,[],,候補探索・一次資料の確認が必要,2026-10-02
2021-2022,2021–2022,navigation,移動ロボット・SLAM・Human-aware navigation,survey,サーベイ,未調査,False,0,0,[],,候補探索・一次資料の確認が必要,2026-10-02
2021-2022,2021–2022,navigation,移動ロボット・SLAM・Human-aware navigation,code,公式コード・ソフトウェア,未調査,False,0,0,[],,候補探索・一次資料の確認が必要,2026-10-02
2021-2022,2021–2022,navigation,移動ロボット・SLAM・Human-aware navigation,benchmark,ベンチマーク・データ・競技規則,未調査,False,0,0,[],,候補探索・一次資料の確認が必要,2026-10-02
2021-2022,2021–2022,navigation,移動ロボット・SLAM・Human-aware navigation,technical,公式技術記事・講演・仕様,未調査,False,0,0,[],,候補探索・一次資料の確認が必要,2026-10-02
2023-2024,2023–2024,e2e,E2E自動運転,paper,原著論文（査読あり）,未調査,False,0,0,[],,候補探索・一次資料の確認が必要,2026-10-02
2023-2024,2023–2024,e2e,E2E自動運転,preprint,プレプリント,調査済み,False,5,5,"[""E2E-VAD"", ""E2E-NAVSIM"", ""E2E-DRIVELM"", ""E2E-THINK2DRIVE"", ""E2E-DIFFUSIONDRIVE""]",bibliographic and abstract-level vectorized representation concept / Sections 1-3 and evaluation scope; nonreactive v1 boundary and metric comparability; no ranking reproduced / abstract and architecture scope; Graph VQA and driving; first arXiv release 2023-12-21 / abstract; model-based RL planning concept; HTML v3 unavailable; numerical claims intentionally omitted / truncated anchor diffusion train/inference equations 4-6; first arXiv release 2024-11-22; no FPS/PDMS reused,確認した資料以外の探索、除外理由、版・評価条件の照合は未完了,2026-10-02
2023-2024,2023–2024,e2e,E2E自動運転,survey,サーベイ,未調査,False,0,0,[],,候補探索・一次資料の確認が必要,2026-10-02
2023-2024,2023–2024,e2e,E2E自動運転,code,公式コード・ソフトウェア,調査済み,False,1,1,"[""E2E-TF-CODE23""]","README extension relationship, 2022 default branch and cvpr2021 separation; no numeric PAMI performance reused",確認した資料以外の探索、除外理由、版・評価条件の照合は未完了,2026-10-02
2023-2024,2023–2024,e2e,E2E自動運転,benchmark,ベンチマーク・データ・競技規則,未調査,False,0,0,[],,候補探索・一次資料の確認が必要,2026-10-02
2023-2024,2023–2024,e2e,E2E自動運転,technical,公式技術記事・講演・仕様,未調査,False,0,0,[],,候補探索・一次資料の確認が必要,2026-10-02
2023-2024,2023–2024,racing,高速自律レーシング,paper,原著論文（査読あり）,未調査,False,0,0,[],,候補探索・一次資料の確認が必要,2026-10-02
2023-2024,2023–2024,racing,高速自律レーシング,preprint,プレプリント,調査済み,False,3,3,"[""R01"", ""R06"", ""R08""]","Full primary HTML retrieved; read §§3–9, hardware Table3, Tables6–8, latency/race-methodology text; introduction and related-work contextual reading / Full HTML retrieved; §§III–IV, data processing, simulation noisy NLS comparison, physical testing TablesI–II / Full HTML retrieved; §§III–IV, TablesII–III, sampling-until-five-successes protocol",確認した資料以外の探索、除外理由、版・評価条件の照合は未完了,2026-10-02
2023-2024,2023–2024,racing,高速自律レーシング,survey,サーベイ,調査済み,False,1,1,"[""R05""]","Full HTML retrieved; §§III–V read, TableII and simulator/localization conditions",確認した資料以外の探索、除外理由、版・評価条件の照合は未完了,2026-10-02
2023-2024,2023–2024,racing,高速自律レーシング,code,公式コード・ソフトウェア,調査済み,False,2,2,"[""R02"", ""R07""]","README, tree and paper/subproject links; not executed or line-by-line implementation audited / README algorithm and file roles; no execution",確認した資料以外の探索、除外理由、版・評価条件の照合は未完了,2026-10-02
2023-2024,2023–2024,racing,高速自律レーシング,benchmark,ベンチマーク・データ・競技規則,未調査,False,0,0,[],,候補探索・一次資料の確認が必要,2026-10-02
2023-2024,2023–2024,racing,高速自律レーシング,technical,公式技術記事・講演・仕様,未調査,False,0,0,[],,候補探索・一次資料の確認が必要,2026-10-02
2023-2024,2023–2024,control,MPC・MPPI・安全制御,paper,原著論文（査読あり）,調査済み,False,1,1,"[""C07""]","Full text downloaded; §§4.1–4.3, Theorem 1 infinite-sample assumptions and covariance discussion read; no cross-domain improvement percentages used",確認した資料以外の探索、除外理由、版・評価条件の照合は未完了,2026-10-02
2023-2024,2023–2024,control,MPC・MPPI・安全制御,preprint,プレプリント,調査済み,False,1,1,"[""C08""]",Primary metadata and abstract checked; implementation docs independently read; benchmark paper not fully read,確認した資料以外の探索、除外理由、版・評価条件の照合は未完了,2026-10-02
2023-2024,2023–2024,control,MPC・MPPI・安全制御,survey,サーベイ,未調査,False,0,0,[],,候補探索・一次資料の確認が必要,2026-10-02
2023-2024,2023–2024,control,MPC・MPPI・安全制御,code,公式コード・ソフトウェア,未調査,False,0,0,[],,候補探索・一次資料の確認が必要,2026-10-02
2023-2024,2023–2024,control,MPC・MPPI・安全制御,benchmark,ベンチマーク・データ・競技規則,未調査,False,0,0,[],,候補探索・一次資料の確認が必要,2026-10-02
2023-2024,2023–2024,control,MPC・MPPI・安全制御,technical,公式技術記事・講演・仕様,調査済み,False,1,1,"[""C11""]","Discovery/metadata only; included as implementation-community timeline link, not technical performance evidence",確認した資料以外の探索、除外理由、版・評価条件の照合は未完了,2026-10-02
2023-2024,2023–2024,navigation,移動ロボット・SLAM・Human-aware navigation,paper,原著論文（査読あり）,未調査,False,0,0,[],,候補探索・一次資料の確認が必要,2026-10-02
2023-2024,2023–2024,navigation,移動ロボット・SLAM・Human-aware navigation,preprint,プレプリント,未調査,False,0,0,[],,候補探索・一次資料の確認が必要,2026-10-02
2023-2024,2023–2024,navigation,移動ロボット・SLAM・Human-aware navigation,survey,サーベイ,未調査,False,0,0,[],,候補探索・一次資料の確認が必要,2026-10-02
2023-2024,2023–2024,navigation,移動ロボット・SLAM・Human-aware navigation,code,公式コード・ソフトウェア,未調査,False,0,0,[],,候補探索・一次資料の確認が必要,2026-10-02
2023-2024,2023–2024,navigation,移動ロボット・SLAM・Human-aware navigation,benchmark,ベンチマーク・データ・競技規則,未調査,False,0,0,[],,候補探索・一次資料の確認が必要,2026-10-02
2023-2024,2023–2024,navigation,移動ロボット・SLAM・Human-aware navigation,technical,公式技術記事・講演・仕様,未調査,False,0,0,[],,候補探索・一次資料の確認が必要,2026-10-02
2025,2025,e2e,E2E自動運転,paper,原著論文（査読あり）,未調査,False,0,0,[],,候補探索・一次資料の確認が必要,2026-10-02
2025,2025,e2e,E2E自動運転,preprint,プレプリント,調査済み,False,2,2,"[""E2E-DRIVETRANSFORMER"", ""E2E-ALPAMAYO-PAPER""]",architecture Figure2 and temporal query queue Figure5; method scope only / full text located; high-level VLA action/reasoning scope; detailed experimental reanalysis not performed,確認した資料以外の探索、除外理由、版・評価条件の照合は未完了,2026-10-02
2025,2025,e2e,E2E自動運転,survey,サーベイ,未調査,False,0,0,[],,候補探索・一次資料の確認が必要,2026-10-02
2025,2025,e2e,E2E自動運転,code,公式コード・ソフトウェア,未調査,False,0,0,[],,候補探索・一次資料の確認が必要,2026-10-02
2025,2025,e2e,E2E自動運転,benchmark,ベンチマーク・データ・競技規則,未調査,False,0,0,[],,候補探索・一次資料の確認が必要,2026-10-02
2025,2025,e2e,E2E自動運転,technical,公式技術記事・講演・仕様,未調査,False,0,0,[],,候補探索・一次資料の確認が必要,2026-10-02
2025,2025,racing,高速自律レーシング,paper,原著論文（査読あり）,未調査,False,0,0,[],,候補探索・一次資料の確認が必要,2026-10-02
2025,2025,racing,高速自律レーシング,preprint,プレプリント,調査済み,False,2,2,"[""R09"", ""R10""]","Full HTML retrieved; §I code statement, §III tracker mechanism, §IV offline tracker and physical overtaking protocol / Full HTML retrieved; §§2–5 hardware, ARS generations, evaluation domains and sensor failures",確認した資料以外の探索、除外理由、版・評価条件の照合は未完了,2026-10-02
2025,2025,racing,高速自律レーシング,survey,サーベイ,未調査,False,0,0,[],,候補探索・一次資料の確認が必要,2026-10-02
2025,2025,racing,高速自律レーシング,code,公式コード・ソフトウェア,未調査,False,0,0,[],,候補探索・一次資料の確認が必要,2026-10-02
2025,2025,racing,高速自律レーシング,benchmark,ベンチマーク・データ・競技規則,未調査,False,0,0,[],,候補探索・一次資料の確認が必要,2026-10-02
2025,2025,racing,高速自律レーシング,technical,公式技術記事・講演・仕様,未調査,False,0,0,[],,候補探索・一次資料の確認が必要,2026-10-02
2025,2025,control,MPC・MPPI・安全制御,paper,原著論文（査読あり）,調査済み,False,1,1,"[""C14""]","Full author project page read incl sensing/system diagram, abstract, publication BibTeX; paper not full-read",確認した資料以外の探索、除外理由、版・評価条件の照合は未完了,2026-10-02
2025,2025,control,MPC・MPPI・安全制御,preprint,プレプリント,未調査,False,0,0,[],,候補探索・一次資料の確認が必要,2026-10-02
2025,2025,control,MPC・MPPI・安全制御,survey,サーベイ,未調査,False,0,0,[],,候補探索・一次資料の確認が必要,2026-10-02
2025,2025,control,MPC・MPPI・安全制御,code,公式コード・ソフトウェア,未調査,False,0,0,[],,候補探索・一次資料の確認が必要,2026-10-02
2025,2025,control,MPC・MPPI・安全制御,benchmark,ベンチマーク・データ・競技規則,未調査,False,0,0,[],,候補探索・一次資料の確認が必要,2026-10-02
2025,2025,control,MPC・MPPI・安全制御,technical,公式技術記事・講演・仕様,未調査,False,0,0,[],,候補探索・一次資料の確認が必要,2026-10-02
2025,2025,navigation,移動ロボット・SLAM・Human-aware navigation,paper,原著論文（査読あり）,未調査,False,0,0,[],,候補探索・一次資料の確認が必要,2026-10-02
2025,2025,navigation,移動ロボット・SLAM・Human-aware navigation,preprint,プレプリント,未調査,False,0,0,[],,候補探索・一次資料の確認が必要,2026-10-02
2025,2025,navigation,移動ロボット・SLAM・Human-aware navigation,survey,サーベイ,未調査,False,0,0,[],,候補探索・一次資料の確認が必要,2026-10-02
2025,2025,navigation,移動ロボット・SLAM・Human-aware navigation,code,公式コード・ソフトウェア,未調査,False,0,0,[],,候補探索・一次資料の確認が必要,2026-10-02
2025,2025,navigation,移動ロボット・SLAM・Human-aware navigation,benchmark,ベンチマーク・データ・競技規則,未調査,False,0,0,[],,候補探索・一次資料の確認が必要,2026-10-02
2025,2025,navigation,移動ロボット・SLAM・Human-aware navigation,technical,公式技術記事・講演・仕様,未調査,False,0,0,[],,候補探索・一次資料の確認が必要,2026-10-02
2026,2026-01-01–10-02,e2e,E2E自動運転,paper,原著論文（査読あり）,未調査,False,0,0,[],,候補探索・一次資料の確認が必要,2026-10-02
2026,2026-01-01–10-02,e2e,E2E自動運転,preprint,プレプリント,調査済み,False,11,11,"[""NEWS-ARXIV-2609.18623-v1"", ""NEWS-ARXIV-2609.15169-v1"", ""NEWS-ARXIV-2609.16919-v1"", ""NEWS-ARXIV-2609.26618-v1"", ""NEWS-ARXIV-2609.26792-v1"", ""NEWS-ARXIV-2609.27747-v1"", ""NEWS-ARXIV-2609.26299-v2"", ""NEWS-ARXIV-2609.38948-v1"", ""NEWS-ARXIV-2609.38463-v1"", ""NEWS-ARXIV-2609.39995-v2"", ""NEWS-ARXIV-2609.38641-v1""]","Abstract and full-text code-link scan; detailed experiments not exhaustively audited. / Abstract, NAVSIM/internal evaluation protocols, relevant result interpretation and repository roadmap. / Abstract, dataset source/preprocessing and scale statistics; no exhaustive metric audit. / Abstract, benchmark/protocol, result tables, toolbox and appendix-availability statements. / Full v1 paper and appendix read; primary claims checked in §§3–7, Eqs2–3/7–8, Tables1–5/7–8, AppendixB.1–B.3 and C.1–C.5. Mechanism, FDπ normalization, visual-gap versus driving-score distinction, 8s/5frame/K=1/IDM setup, 421/325/>5k scenario conditions, score-table differences, runtime and drift limits. / Abstract, corpus/evaluation setup, ablation and discussion caveats. / Abstract, evaluation table headings, conclusion and source/version history. / Read metadata, abstract and targeted setup/results/limitations/ethics passages, including attempt table; opened repository README. No hardware operation or reproduction. / Full v1 sections I–VII, Tables I–III, figure captions; taxonomy, generated scenario counts, structured input boundary, SCD, oracle supervision, training, comparisons, ablation, failure audit and limitations. / Read metadata and targeted v1 abstract/method/evaluation/ethics/reproducibility passages; opened latest v2 and verified metadata statement that content is unchanged. No code reproduction. / Read arXiv metadata and targeted full-text method, evaluation, data-statistics and limitations passages; read indexed author project-page content. Direct project-page retrieval failed. No implementation or reproduction inspected.",候補探索・一次資料の確認が必要,2026-10-02
2026,2026-01-01–10-02,e2e,E2E自動運転,survey,サーベイ,未調査,False,0,0,[],,候補探索・一次資料の確認が必要,2026-10-02
2026,2026-01-01–10-02,e2e,E2E自動運転,code,公式コード・ソフトウェア,調査済み,False,3,1,"[""E2E-PROJECT-TIMEPATH"", ""E2E-PROJECT-BACKBONE"", ""E2E-PROJECT-TEST""]",repository audit: pinned main code/test source inspected; not executed,確認した資料以外の探索、除外理由、版・評価条件の照合は未完了,2026-10-02
2026,2026-01-01–10-02,e2e,E2E自動運転,benchmark,ベンチマーク・データ・競技規則,未調査,False,0,0,[],,候補探索・一次資料の確認が必要,2026-10-02
2026,2026-01-01–10-02,e2e,E2E自動運転,technical,公式技術記事・講演・仕様,調査済み,False,3,3,"[""E2E-WAYMO-WM"", ""E2E-ALPAMAYO-RELEASE"", ""NEWS-DREAMSTREAM-OFFICIAL-REPO-20261002""]","official camera+lidar generation and control modalities; vendor capability claim, not independent safety result / official outputs/use cases and cloud-teacher/distillation scope; benchmarks and marketing superiority not adopted / Official README, root contents, latest main commit and complete recursive tree061c826659b9289a0d2f34a26e824963c8dc3069. README blob1ef2cbf8b74765bc0bd9665443e539b49ca4ee3c lists CoRL2026 and Code Release Coming soon. Tree contains only README.md and assets/teaser.jpg.",確認した資料以外の探索、除外理由、版・評価条件の照合は未完了,2026-10-02
2026,2026-01-01–10-02,racing,高速自律レーシング,paper,原著論文（査読あり）,未調査,False,0,0,[],,候補探索・一次資料の確認が必要,2026-10-02
2026,2026-01-01–10-02,racing,高速自律レーシング,preprint,プレプリント,調査済み,False,1,1,"[""R11""]","Full HTML retrieved; §§III–IV mechanism, real-car/nonadaptive, simulation comparisons and competition limitations",確認した資料以外の探索、除外理由、版・評価条件の照合は未完了,2026-10-02
2026,2026-01-01–10-02,racing,高速自律レーシング,survey,サーベイ,未調査,False,0,0,[],,候補探索・一次資料の確認が必要,2026-10-02
2026,2026-01-01–10-02,racing,高速自律レーシング,code,公式コード・ソフトウェア,未調査,False,0,0,[],,候補探索・一次資料の確認が必要,2026-10-02
2026,2026-01-01–10-02,racing,高速自律レーシング,benchmark,ベンチマーク・データ・競技規則,未調査,False,0,0,[],,候補探索・一次資料の確認が必要,2026-10-02
2026,2026-01-01–10-02,racing,高速自律レーシング,technical,公式技術記事・講演・仕様,未調査,False,0,0,[],,候補探索・一次資料の確認が必要,2026-10-02
2026,2026-01-01–10-02,control,MPC・MPPI・安全制御,paper,原著論文（査読あり）,未調査,False,0,0,[],,候補探索・一次資料の確認が必要,2026-10-02
2026,2026-01-01–10-02,control,MPC・MPPI・安全制御,preprint,プレプリント,調査済み,False,1,1,"[""C12""]","Full PDF retrieved; introduction, GP/MPPI architecture, §IV setup, Tables I–IV and §VI limitations inspected; primary arXiv version/date verified",確認した資料以外の探索、除外理由、版・評価条件の照合は未完了,2026-10-02
2026,2026-01-01–10-02,control,MPC・MPPI・安全制御,survey,サーベイ,未調査,False,0,0,[],,候補探索・一次資料の確認が必要,2026-10-02
2026,2026-01-01–10-02,control,MPC・MPPI・安全制御,code,公式コード・ソフトウェア,調査済み,False,1,1,"[""C13""]","Full relevant architecture, restrictions, failure history, rollout02 results read; current source and IO validated by audit worker",確認した資料以外の探索、除外理由、版・評価条件の照合は未完了,2026-10-02
2026,2026-01-01–10-02,control,MPC・MPPI・安全制御,benchmark,ベンチマーク・データ・競技規則,未調査,False,0,0,[],,候補探索・一次資料の確認が必要,2026-10-02
2026,2026-01-01–10-02,control,MPC・MPPI・安全制御,technical,公式技術記事・講演・仕様,未調査,False,0,0,[],,候補探索・一次資料の確認が必要,2026-10-02
2026,2026-01-01–10-02,navigation,移動ロボット・SLAM・Human-aware navigation,paper,原著論文（査読あり）,未調査,False,0,0,[],,候補探索・一次資料の確認が必要,2026-10-02
2026,2026-01-01–10-02,navigation,移動ロボット・SLAM・Human-aware navigation,preprint,プレプリント,調査済み,False,9,9,"[""NEWS-ARXIV-2609.16737-v2"", ""NEWS-ARXIV-2609.17168-v1"", ""NEWS-ARXIV-2609.14634-v1"", ""NEWS-ARXIV-2609.18125-v1"", ""NEWS-ARXIV-2609.25969-v1"", ""NEWS-ARXIV-2609.28467-v1"", ""NEWS-ARXIV-2609.39166-v2"", ""NEWS-ARXIV-2609.38873-v1"", ""NEWS-ARXIV-2609.40244-v1""]","Abstract, platform/training/inference setup, semantic trial table, cross-embodiment section and official project page. / Abstract, experimental datasets/setup and online platform caption. / Abstract and full-text code link; repository retrieval unsuccessful. / Abstract, simulator/observation setup, evaluation and discussion limitations. / Abstract, methods/interface, experimental results and limitations; PDF text independently checked for hardware contradiction. / Abstract, pipeline, offline/hardware evaluation sections and official project page. / Read arXiv metadata, abstract and targeted full-text method/evaluation/appendix passages; opened official repository README. Did not execute code or independently reproduce results. / Read metadata, abstract and targeted method/results/discussion/real-robot passages; opened official code README. No reproduction or complete formal-proof audit. / Full primary HTML text I–V, Tables I–V, figures/captions, reference list and version history. No external replication.",記載した資料・節以外の探索、版・評価条件の照合、独立再現は未完了,2026-10-02
2026,2026-01-01–10-02,navigation,移動ロボット・SLAM・Human-aware navigation,survey,サーベイ,未調査,False,0,0,[],,候補探索・一次資料の確認が必要,2026-10-02
2026,2026-01-01–10-02,navigation,移動ロボット・SLAM・Human-aware navigation,code,公式コード・ソフトウェア,調査済み,False,3,1,"[""NEWS-CODE-STREAMRIG-3a41caf"", ""NEWS-PROTOCOL-STREAMRIG-3a41caf"", ""NEWS-CONFIG-STREAMRIG-3a41caf""]","Official repository tree/commit history, README, cache/model/bridge module descriptions, anchor-snapshot and cache equivalence test sources; no code execution or weight download. / Read scripts/summarize_nclt.py, k360_drive_metrics.py, eval_nclt.sh, eval_kitti360.sh. GT stitching functions and aggregate definitions verified statically. / Read both target YAMLs and NCLT/KITTI preprocessing READMEs; compared with paper III-C.",記載した資料・節以外の探索、版・評価条件の照合、独立再現は未完了,2026-10-02
2026,2026-01-01–10-02,navigation,移動ロボット・SLAM・Human-aware navigation,benchmark,ベンチマーク・データ・競技規則,未調査,False,0,0,[],,候補探索・一次資料の確認が必要,2026-10-02
2026,2026-01-01–10-02,navigation,移動ロボット・SLAM・Human-aware navigation,technical,公式技術記事・講演・仕様,未調査,False,0,0,[],,候補探索・一次資料の確認が必要,2026-10-02
