slug,title,category,nav,summary,published,updated,status,topic,related,editorial_action,gap_or_boundary,audited_at,snapshot_commit
system-architecture,システム構成とTimePathの入出力,guide,architecture,Camera・2D LiDAR・車両状態からの経路予測と、モデル外の制御・安全監視を整理します。,2026-09-27,2026-09-27,継続資料,,"[""technology-stack"", ""retained-path-recovery""]",維持・参照,各概説から入出力契約の参照先にする。一般論から本実装の実績を推定しない。,2026-10-02,8d9ab923e8cc2d01b28296a3032f65ab9438c384
technology-stack,学習から走行までの技術スタック,guide,stack,Python・PyTorch、データ変換、ROS 2・AWSIM、Windows / WSL開発環境の役割と参照先。,2026-09-27,2026-09-27,継続資料,,"[""dinov3-resnet-guide"", ""system-architecture"", ""dinov3-development""]",維持・参照,実装導入時のみ依存関係を更新。文献一覧を追加しない。,2026-10-02,8d9ab923e8cc2d01b28296a3032f65ab9438c384
roadmap,次に検証する課題と判断基準,guide,next,保持経路による復帰、予測短縮、反復評価、画像表現の比較を、検証できる単位に整理します。,2026-09-27,2026-09-27,継続資料,,"[""retained-path-recovery"", ""dinov3-development"", ""speed-trial-20260919""]",関連リンク追加候補,文献調査の執筆計画と既存の実装・試験計画を分ける。,2026-10-02,8d9ab923e8cc2d01b28296a3032f65ab9438c384
single-lap-20260918,GNSS / IMUを制御入力に使わない単独周回,report,results,単独車両で132.3635秒の1周を記録。条件、入力の由来、未検証の範囲を整理します。,2026-09-27,2026-09-27,限定試験で確認,,"[""system-architecture"", ""roadmap""]",実績を保全,単独周回の条件をレーシング競技結果へ一般化しない。,2026-10-02,8d9ab923e8cc2d01b28296a3032f65ab9438c384
slam-mppi-box-20260919,SLAM MPPIによる静止箱通過と通常追従への復帰,report,results,5 km/h目標のrollout02で箱通過と通常復帰を記録。周回成功や一般的な回避保証とは区別します。,2026-09-27,2026-09-27,限定試験で確認,,"[""system-architecture"", ""roadmap""]",実績を保全,5 km/hの限定回避試験を安全保証と呼ばない。,2026-10-02,8d9ab923e8cc2d01b28296a3032f65ab9438c384
speed-trial-20260919,速度上限を上げた試験と予測範囲の短縮,report,results,20 / 15 / 15 km/h設定の試験で、箱回避後の予測短縮と停止を確認しました。,2026-09-27,2026-09-27,課題を確認,,"[""system-architecture"", ""roadmap""]",実績を保全,速度設定と実測値、予測短縮・停止を区別。,2026-10-02,8d9ab923e8cc2d01b28296a3032f65ab9438c384
retained-path-recovery,保持経路を使う低速復帰の仕様と検証状況,report,results,直前の有効な経路を検査しながら使う復帰処理。コード検証とAWSIM未確認を分けて記録します。,2026-09-27,2026-09-27,実装・テスト済み,,"[""system-architecture"", ""roadmap""]",維持・参照,安全制御概説から未検証範囲を含め参照。,2026-10-02,8d9ab923e8cc2d01b28296a3032f65ab9438c384
transfuser-cvpr2021,TransFuser（CVPR 2021）：センサ融合の出発点,paper,papers,画像とLiDARの特徴をAttentionで統合し、幾何的な対応だけでは捉えにくい周辺の文脈を運転判断へ取り込むTransFuserを提案。CARLAの複雑な交通場面で評価しています。,2026-09-27,2026-09-27,一次資料を確認,fusion,"[""system-architecture""]",既存記事更新,重複新設せず、入力・出力・評価条件・2D LiDARとの差を補強。,2026-10-02,8d9ab923e8cc2d01b28296a3032f65ab9438c384
transfuser-2022,TransFuser拡張版：融合とclosed-loop評価,paper,papers,複数解像度の画像・鳥瞰LiDAR特徴をTransformerで融合する構成を発展させ、長い経路と密な交通を含むCARLAの評価で検証。融合方式を運転結果へ結びつけて比較しています。,2026-09-27,2026-09-27,一次資料を確認,fusion,"[""system-architecture""]",既存記事更新,2021版と同一研究系列として版差・評価差を明示。,2026-10-02,8d9ab923e8cc2d01b28296a3032f65ab9438c384
dagger,DAgger：模倣学習で生じる分布ずれ,paper,papers,学習した方策の行動が次の観測を変えるため、教師の走行だけで学ぶと運用時に分布ずれが生じる問題を扱います。DAggerでは学習者が訪れた状態に教師の指示を付け、データを反復集約します。,2026-09-27,2026-09-27,一次資料を確認,learning,"[""roadmap""]",基礎として参照,期間前の基礎。2018年以降の新規研究と数えない。,2026-10-02,8d9ab923e8cc2d01b28296a3032f65ab9438c384
information-theoretic-mpc,情報理論に基づくMPCとサンプリング制御,paper,papers,情報理論の枠組みからサンプリングに基づく最適制御を導き、候補のコストに応じた重みで制御系列を更新するMPCを構成。自動運転への適用と、cross-entropy法に基づくMPCとの比較を示します。,2026-09-27,2026-09-27,一次資料を確認,control,"[""roadmap""]",基礎記事更新,原論文の公表日と対象期間の境界を照合。MPPI派生の概説との重複を抑える。,2026-10-02,8d9ab923e8cc2d01b28296a3032f65ab9438c384
cartographer,Cartographer：2D LiDAR SLAMとループ閉じ込み,paper,papers,局所的なサブマップを構築し、scan-to-submapの照合を用いてループ閉じ込みを処理する2D LiDAR SLAM。大きな環境でもリアルタイムに地図の整合を保つための手法を示します。,2026-09-27,2026-09-27,一次資料を確認,control,"[""roadmap""]",基礎として参照,期間前の位置推定基盤。運転方策・レーシング制御の成果と数えない。,2026-10-02,8d9ab923e8cc2d01b28296a3032f65ab9438c384
dinov3,DINOv3：自己教師あり視覚表現,paper,papers,大規模な自己教師あり学習で汎用的な視覚表現を獲得するモデル群。長期学習で密な特徴が劣化する問題へGram anchoringを導入し、多様な視覚タスクへの転用を評価しています。,2026-09-27,2026-09-27,一次資料を確認,learning,"[""dinov3-resnet-guide"", ""roadmap""]",既存記事参照,視覚表現の基盤。運転closed-loopの直接根拠としない。,2026-10-02,8d9ab923e8cc2d01b28296a3032f65ab9438c384
dinov3-development,DINOv3と未来系列の比較実験に向けた準備,development,updates,DINOv3のworkspace導入、未来教師の分離、共通waypoint・速度・停止Headの学習基盤と未確認範囲。,2026-09-27,2026-09-27,開発ブランチ・共通ILを実装,,"[""dinov3-resnet-guide"", ""dinov3"", ""technology-stack"", ""roadmap"", ""common-il-pilot-20260927""]",開発記事を保全,導入準備と走行効果を混同しない。,2026-10-02,8d9ab923e8cc2d01b28296a3032f65ab9438c384
site-maintenance,記事を分けて、変更と一緒に更新する,development,updates,サイトをテーマ別記事へ分割。開発時の更新ルールと、更新漏れ・生成物のずれを検出する検査を追加しました。,2026-09-27,2026-09-27,運用変更,,"[""system-architecture"", ""technology-stack""]",維持,編集元・生成・検査の運用説明。,2026-10-02,8d9ab923e8cc2d01b28296a3032f65ab9438c384
common-il-pilot-20260927,共通IL Headのfitと既存走行ログによる32更新pilot,report,results,6点waypoint・速度・停止の共通Headを実装。人工教師fitとResNet18の学習データ内での損失低下を確認し、未学習の停止とDINO実重みの残件を整理します。,2026-09-27,2026-09-27,学習データ内で確認・走行未評価,,"[""dinov3-development"", ""system-architecture""]",実績を保全,学習データ内pilotと未見走行評価を分ける。,2026-10-02,8d9ab923e8cc2d01b28296a3032f65ab9438c384
dinov3-resnet-guide,図解でわかるDINOv3：仕組みとResNet18との違い,guide,stack,画像を特徴へ変える仕組み、自己教師あり学習、Gram anchoring、ResNet18との比較を5つの図で解説。期待する強みと未検証の走行効果を分けます。,2026-09-27,2026-09-27,技術図解・走行効果は未検証,,"[""dinov3"", ""dinov3-development"", ""common-il-pilot-20260927"", ""technology-stack""]",既存記事参照,画像表現の説明を重複再執筆しない。,2026-10-02,8d9ab923e8cc2d01b28296a3032f65ab9438c384
