source_id,study_family_id,title,authors_or_organization,year,classification_year,publication_date,updated,url,doi,source_type,original_source_type,domain,era,checked_date,checked_scope,related_articles,review_status,boundary_note,date_basis,origin_ledger,independent_replication
E2E-CIL,cil,End-to-end Driving via Conditional Imitation Learning,Felipe Codevilla; Matthias Müller; Antonio López; Vladlen Koltun; Alexey Dosovitskiy,2017,2017,,2017-10-06,https://arxiv.org/abs/1710.02410,,preprint,paper,e2e,foundation,2026-10-02,abstract; pre-window background only,"[""e2e-field-overview""]",調査済み,,領域別台帳の書誌年。初稿年・正式刊行年・改訂年は一致しない場合がある。 arXiv識別子の初回年月: 2017-10。確認した版と初稿は区別する。,source-ledger.json,False
E2E-CHAUFFEUR,chauffeurnet,ChauffeurNet: Learning to Drive by Imitating the Best and Synthesizing the Worst,Mayank Bansal; Alex Krizhevsky; Abhijit Ogale / Waymo,2018,2018,,2018-12-07,https://arxiv.org/abs/1812.03079,,preprint,paper,e2e,2018-2020,2026-10-02,abstract; structured input and perturbed demonstration concept only,"[""e2e-field-overview""]",調査済み,,領域別台帳の書誌年。初稿年・正式刊行年・改訂年は一致しない場合がある。 arXiv識別子の初回年月: 2018-12。確認した版と初稿は区別する。,source-ledger.json,False
E2E-BC,bc-limitations,Exploring the Limitations of Behavior Cloning for Autonomous Driving,Felipe Codevilla; Eder Santana; Antonio M. López; Adrien Gaidon,2019,2019,,2019-04-18,https://arxiv.org/abs/1904.08980,,preprint,paper,e2e,2018-2020,2026-10-02,abstract; dataset bias and generalization concept; no numeric result reused,"[""e2e-field-overview""]",調査済み,,領域別台帳の書誌年。初稿年・正式刊行年・改訂年は一致しない場合がある。 arXiv識別子の初回年月: 2019-04。確認した版と初稿は区別する。,source-ledger.json,False
E2E-LBC,learning-by-cheating,Learning by Cheating,Dian Chen; Brady Zhou; Vladlen Koltun; Philipp Krähenbühl,2020,2020,,,https://proceedings.mlr.press/v100/chen20a.html,,paper,conference-paper,e2e,2018-2020,2026-10-02,official proceedings abstract and bibliographic data; privileged teacher and camera student,"[""e2e-field-overview""]",調査済み,,領域別台帳の書誌年。初稿年・正式刊行年・改訂年は一致しない場合がある。,source-ledger.json,False
E2E-TF-PAPER,transfuser,Multi-Modal Fusion Transformer for End-to-End Autonomous Driving,Aditya Prakash; Kashyap Chitta; Andreas Geiger / MPI-IS and University of Tübingen,2021,2021,,2021-04-19,https://arxiv.org/pdf/2104.09224,,preprint,paper-full-text,e2e,2021-2022,2026-10-02,"Sections 1,3,4; Figure 2; Table 1; method, evaluation conditions, DS and RC","[""transfuser-cvpr2021"", ""e2e-field-overview""]",調査済み,,領域別台帳の書誌年。初稿年・正式刊行年・改訂年は一致しない場合がある。 arXiv識別子の初回年月: 2021-04。確認した版と初稿は区別する。,source-ledger.json,False
E2E-TF-CVF,transfuser,Multi-Modal Fusion Transformer for End-to-End Autonomous Driving — CVPR record,Aditya Prakash; Kashyap Chitta; Andreas Geiger,2021,2021,,,https://openaccess.thecvf.com/content/CVPR2021/html/Prakash_Multi-Modal_Fusion_Transformer_for_End-to-End_Autonomous_Driving_CVPR_2021_paper.html,,paper,official-proceedings,e2e,2021-2022,2026-10-02,"official title/authors/pages and abstract; CVF PDF fetch failed, author arXiv full text used","[""transfuser-cvpr2021""]",調査済み,,領域別台帳の書誌年。初稿年・正式刊行年・改訂年は一致しない場合がある。,source-ledger.json,False
E2E-TF-SUPP,transfuser,Multi-Modal Fusion Transformer for End-to-End Autonomous Driving — Supplementary,Aditya Prakash; Kashyap Chitta; Andreas Geiger,2021,2021,,,https://www.cvlibs.net/publications/Prakash2021CVPR_supplementary.pdf,,paper,paper-supplement,e2e,2021-2022,2026-10-02,"Sections 1.1,1.2,2.2,4; Algorithm 1; fusion details, PID, teacher speeds and GTX 1080Ti training","[""transfuser-cvpr2021""]",調査済み,,領域別台帳の書誌年。初稿年・正式刊行年・改訂年は一致しない場合がある。,source-ledger.json,False
E2E-TF-CODE21,transfuser,TransFuser official CVPR 2021 branch,autonomousvision / TransFuser authors,2021,2021,,,https://github.com/autonomousvision/transfuser/tree/cvpr2021,,code,author-code-documentation,e2e,2021-2022,2026-10-02,"README datasets and Training checkpoint caveat; branch viewed, full code execution not performed","[""transfuser-cvpr2021""]",調査済み,,領域別台帳の書誌年。初稿年・正式刊行年・改訂年は一致しない場合がある。,source-ledger.json,False
E2E-TF-CODE23,transfuser,TransFuser: Imitation with Transformer-Based Sensor Fusion for Autonomous Driving,Kashyap Chitta; Aditya Prakash; Bernhard Jaeger; Zehao Yu; Katrin Renz; Andreas Geiger,2023,2023,,,https://github.com/autonomousvision/transfuser,,code,author-code-documentation,e2e,2023-2024,2026-10-02,"README extension relationship, 2022 default branch and cvpr2021 separation; no numeric PAMI performance reused","[""transfuser-cvpr2021"", ""e2e-field-overview""]",調査済み,,領域別台帳の書誌年。初稿年・正式刊行年・改訂年は一致しない場合がある。,source-ledger.json,False
E2E-ROACH,roach,End-to-End Urban Driving by Imitating a Reinforcement Learning Coach,Zhejun Zhang; Alexander Liniger; Dengxin Dai; Fisher Yu; Luc Van Gool,2021,2021,,2021-08-18,https://arxiv.org/abs/2108.08265,,preprint,paper,e2e,2021-2022,2026-10-02,abstract and CVF introduction; teacher/student learning boundary only,"[""e2e-field-overview""]",調査済み,,領域別台帳の書誌年。初稿年・正式刊行年・改訂年は一致しない場合がある。 arXiv識別子の初回年月: 2021-08。確認した版と初稿は区別する。,source-ledger.json,False
E2E-WOR,world-on-rails,Learning to Drive from a World on Rails,Dian Chen; Vladlen Koltun; Philipp Krähenbühl,2021,2021,,2021-05-03,https://arxiv.org/abs/2105.00636,,preprint,paper,e2e,2021-2022,2026-10-02,abstract; nonreactive assumption and value-learning concept only,"[""e2e-field-overview""]",調査済み,,領域別台帳の書誌年。初稿年・正式刊行年・改訂年は一致しない場合がある。 arXiv識別子の初回年月: 2021-05。確認した版と初稿は区別する。,source-ledger.json,False
E2E-MILE,mile,Model-Based Imitation Learning for Urban Driving,Anthony Hu; Gianluca Corrado; Nicolas Griffiths; Zak Murez; Corina Gurau; Hudson Yeo; Alex Kendall; Roberto Cipolla; Jamie Shotton / Wayve and Cambridge,2022,2022,,2022-11-03,https://arxiv.org/html/2210.07729v2,,preprint,paper-full-text,e2e,2021-2022,2026-10-02,"introduction and model scope: offline IL, latent dynamics, action conditioning, recurrent inference; numerical results not reused","[""e2e-field-overview"", ""transfuser-cvpr2021""]",調査済み,,領域別台帳の書誌年。初稿年・正式刊行年・改訂年は一致しない場合がある。 arXiv識別子の初回年月: 2022-10。確認した版と初稿は区別する。,source-ledger.json,False
E2E-UNIAD,uniad,Planning-oriented Autonomous Driving,"Yihan Hu et al. / OpenDriveLab, Shanghai AI Laboratory and collaborators",2023,2022,,2023-03-23,https://arxiv.org/html/2212.10156v2,,preprint,paper-full-text,e2e,2021-2022,2026-10-02,task definitions and joint learning loss Eq14; perception-prediction-planning scope; no quantitative performance compared,"[""e2e-field-overview"", ""transfuser-cvpr2021""]",調査済み,,領域別台帳の書誌年。初稿年・正式刊行年・改訂年は一致しない場合がある。 arXiv識別子の初回年月: 2022-12。確認した版と初稿は区別する。,source-ledger.json,False
E2E-VAD,vad,VAD: Vectorized Scene Representation for Efficient Autonomous Driving,Bo Jiang; Shaoyu Chen; Qing Xu; Bencheng Liao; Jiajie Chen; Helong Zhou; Qian Zhang; Wenyu Liu; Chang Huang; Xinggang Wang,2023,2023,,2023-08-24,https://arxiv.org/abs/2303.12077,10.48550/arXiv.2303.12077,preprint,paper,e2e,2023-2024,2026-10-02,bibliographic and abstract-level vectorized representation concept,"[""e2e-field-overview""]",調査済み,,領域別台帳の書誌年。初稿年・正式刊行年・改訂年は一致しない場合がある。 arXiv識別子の初回年月: 2023-03。確認した版と初稿は区別する。,source-ledger.json,False
E2E-NAVSIM,navsim,NAVSIM: Data-Driven Non-Reactive Autonomous Vehicle Simulation and Benchmarking,Daniel Dauner; Marcel Hallgarten; Tianyu Li; Xinshuo Weng; Zhiyu Huang; Zetong Yang; Hongyang Li; Igor Gilitschenski; Boris Ivanovic; Marco Pavone; Andreas Geiger; Kashyap Chitta,2024,2024,,2024-10-31,https://arxiv.org/html/2406.15349v2,,preprint,paper-full-text,e2e,2023-2024,2026-10-02,Sections 1-3 and evaluation scope; nonreactive v1 boundary and metric comparability; no ranking reproduced,"[""e2e-field-overview""]",調査済み,,領域別台帳の書誌年。初稿年・正式刊行年・改訂年は一致しない場合がある。 arXiv識別子の初回年月: 2024-06。確認した版と初稿は区別する。,source-ledger.json,False
E2E-DRIVELM,drivelm,DriveLM: Driving with Graph Visual Question Answering,Chonghao Sima; Katrin Renz; Kashyap Chitta; Li Chen; Hanxue Zhang; Chengen Xie; Jens Beißwenger; Ping Luo; Andreas Geiger; Hongyang Li,2024,2023,,,https://arxiv.org/html/2312.14150v2,,preprint,paper-full-text,e2e,2023-2024,2026-10-02,abstract and architecture scope; Graph VQA and driving; first arXiv release 2023-12-21,"[""e2e-field-overview""]",調査済み,,領域別台帳の書誌年。初稿年・正式刊行年・改訂年は一致しない場合がある。 arXiv識別子の初回年月: 2023-12。確認した版と初稿は区別する。,source-ledger.json,False
E2E-THINK2DRIVE,think2drive,Think2Drive: Efficient Reinforcement Learning by Thinking in Latent World Model for Quasi-Realistic Autonomous Driving (in CARLA-v2),Qifeng Li; Xiaosong Jia; Shaobo Wang; Junchi Yan,2024,2024,,2024-02-26,https://arxiv.org/abs/2402.16720,,preprint,paper,e2e,2023-2024,2026-10-02,abstract; model-based RL planning concept; HTML v3 unavailable; numerical claims intentionally omitted,"[""e2e-field-overview""]",調査済み,,領域別台帳の書誌年。初稿年・正式刊行年・改訂年は一致しない場合がある。 arXiv識別子の初回年月: 2024-02。確認した版と初稿は区別する。,source-ledger.json,False
E2E-DIFFUSIONDRIVE,diffusiondrive,DiffusionDrive: Truncated Diffusion Model for End-to-End Autonomous Driving,Bencheng Liao; Shaoyu Chen; Haoran Yin; Bo Jiang; Cheng Wang; Sixu Yan; Xinbang Zhang; Xiangyu Li; Ying Zhang; Qian Zhang; Xinggang Wang,2025,2024,,,https://arxiv.org/html/2411.15139v2,,preprint,paper-full-text,e2e,2023-2024,2026-10-02,truncated anchor diffusion train/inference equations 4-6; first arXiv release 2024-11-22; no FPS/PDMS reused,"[""e2e-field-overview""]",調査済み,,領域別台帳の書誌年。初稿年・正式刊行年・改訂年は一致しない場合がある。 arXiv識別子の初回年月: 2024-11。確認した版と初稿は区別する。,source-ledger.json,False
E2E-DRIVETRANSFORMER,drivetransformer,DriveTransformer: Unified Transformer for Scalable End-to-End Autonomous Driving,Xiaosong Jia; Junqi You; Zhiyuan Zhang; Junchi Yan,2025,2025,,2025-07-11,https://arxiv.org/html/2503.07656v1,10.48550/arXiv.2503.07656,preprint,paper-full-text,e2e,2025,2026-10-02,architecture Figure2 and temporal query queue Figure5; method scope only,"[""e2e-field-overview""]",調査済み,,領域別台帳の書誌年。初稿年・正式刊行年・改訂年は一致しない場合がある。 arXiv識別子の初回年月: 2025-03。確認した版と初稿は区別する。,source-ledger.json,False
E2E-ALPAMAYO-PAPER,alpamayo,Alpamayo-R1: Bridging Reasoning and Action Prediction for Generalizable Autonomous Driving in the Long Tail,NVIDIA; Yan Wang; Wenjie Luo; Junjie Bai; Yulong Cao et al.,2025,2025,,,https://arxiv.org/html/2511.00088v1,,preprint,paper-full-text,e2e,2025,2026-10-02,full text located; high-level VLA action/reasoning scope; detailed experimental reanalysis not performed,"[""e2e-field-overview""]",調査済み,,領域別台帳の書誌年。初稿年・正式刊行年・改訂年は一致しない場合がある。 arXiv識別子の初回年月: 2025-11。確認した版と初稿は区別する。,source-ledger.json,False
E2E-WAYMO-WM,waymo-world-model,The Waymo World Model: A New Frontier For Autonomous Driving Simulation,Chiyu Max Jiang; Xander Masotto; Bo Sun / Waymo,2026,2026,,2026-02-06,https://waymo.com/blog/2026/02/the-waymo-world-model-a-new-frontier-for-autonomous-driving-simulation/,,technical,corporate-official-release,e2e,2026,2026-10-02,"official camera+lidar generation and control modalities; vendor capability claim, not independent safety result","[""e2e-field-overview""]",調査済み,,領域別台帳の書誌年。初稿年・正式刊行年・改訂年は一致しない場合がある。,source-ledger.json,False
E2E-ALPAMAYO-RELEASE,alpamayo,"NVIDIA Alpamayo 2 Super, the Frontier Open Model for Robotaxis and Autonomous Vehicles, Now Available for Commercial Use",Jessica Soares / NVIDIA,2026,2026,,2026-08-04,https://blogs.nvidia.com/blog/alpamayo-2-super-open-model-now-available/,,technical,corporate-official-release,e2e,2026,2026-10-02,official outputs/use cases and cloud-teacher/distillation scope; benchmarks and marketing superiority not adopted,"[""e2e-field-overview""]",調査済み,,領域別台帳の書誌年。初稿年・正式刊行年・改訂年は一致しない場合がある。,source-ledger.json,False
E2E-PROJECT-TIMEPATH,e2e-lite-current-main,E2E Lite main TimePathV1,fis-teria / E2E Lite TransFuser,2026,2026,,2026-09-27,https://github.com/fis-teria/aichallenge_lite_transfuser/blob/8d9ab923e8cc2d01b28296a3032f65ab9438c384/src/aic_transfuser_lite/models/time_path_v1.py,,code,project-code,e2e,2026,2026-10-02,repository audit: pinned main code/test source inspected; not executed,"[""e2e-field-overview"", ""transfuser-cvpr2021""]",調査済み,,領域別台帳の書誌年。初稿年・正式刊行年・改訂年は一致しない場合がある。,source-ledger.json,False
E2E-PROJECT-BACKBONE,e2e-lite-current-main,E2E Lite main time backbone,fis-teria / E2E Lite TransFuser,2026,2026,,2026-09-27,https://github.com/fis-teria/aichallenge_lite_transfuser/blob/8d9ab923e8cc2d01b28296a3032f65ab9438c384/src/aic_transfuser_lite/models/time_backbone_v1.py,,code,project-code,e2e,2026,2026-10-02,repository audit: pinned main code/test source inspected; not executed,"[""e2e-field-overview"", ""transfuser-cvpr2021""]",調査済み,,領域別台帳の書誌年。初稿年・正式刊行年・改訂年は一致しない場合がある。,source-ledger.json,False
E2E-PROJECT-TEST,e2e-lite-current-main,E2E Lite TimePath tests,fis-teria / E2E Lite TransFuser,2026,2026,,2026-09-27,https://github.com/fis-teria/aichallenge_lite_transfuser/blob/8d9ab923e8cc2d01b28296a3032f65ab9438c384/tests/test_time_path_v1.py,,code,project-code,e2e,2026,2026-10-02,repository audit: pinned main code/test source inspected; not executed,"[""e2e-field-overview"", ""transfuser-cvpr2021""]",調査済み,,領域別台帳の書誌年。初稿年・正式刊行年・改訂年は一致しない場合がある。,source-ledger.json,False
R01,forzaeth-full-stack,ForzaETH Race Stack — Scaled Autonomous Head-to-Head Racing on Fully Commercial Off-the-Shelf Hardware,"Nicolas Baumann, Edoardo Ghignone, Jonas Kühne et al.; ETH Zürich",2024,2024,,2024-08-19,https://arxiv.org/html/2403.11784v2,10.1002/rob.22429,preprint,paper,racing,2023-2024,2026-10-02,"Full primary HTML retrieved; read §§3–9, hardware Table3, Tables6–8, latency/race-methodology text; introduction and related-work contextual reading","[""racing-overview-2018-2026"", ""forzaeth-race-stack-2024""]",調査済み,2022/2023 competition years not publication years. Paper replayed lab scenarios differ from competition telemetry. Claims bounded to 1:10 vehicle.,領域別台帳の書誌年。初稿年・正式刊行年・改訂年は一致しない場合がある。 arXiv識別子の初回年月: 2024-03。確認した版と初稿は区別する。,source-ledger.json,False
R02,forzaeth-full-stack,ForzaETH race_stack,ForzaETH / ETH Zürich,2024,2024,,,https://github.com/ForzaETH/race_stack,,code,author-code,racing,2023-2024,2026-10-02,"README, tree and paper/subproject links; not executed or line-by-line implementation audited","[""racing-overview-2018-2026"", ""forzaeth-race-stack-2024""]",調査済み,Current repository is evolving; no code commit pinned for author implementation.,領域別台帳の書誌年。初稿年・正式刊行年・改訂年は一致しない場合がある。,source-ledger.json,False
R03,map-controller,Model- and Acceleration-based Pursuit Controller for High-Performance Autonomous Racing,"Jonathan Becker, Nadine Imholz, Luca Schwarzenbach, Edoardo Ghignone, Nicolas Baumann, Michele Magno",2023,2022,,2023-07-07,https://arxiv.org/html/2209.04346v2,10.1109/ICRA48891.2023.10161472,preprint,paper,racing,2021-2022,2026-10-02,"§§II–IV; dynamics, LUT, lookahead, experiment conditions and TableI","[""racing-overview-2018-2026"", ""forzaeth-race-stack-2024""]",調査済み,Same work as 2022 preprint. HTML drops /s in several speed renderings; avoid reproducing broken units. Current article does not reuse performance headline.,領域別台帳の書誌年。初稿年・正式刊行年・改訂年は一致しない場合がある。 arXiv識別子の初回年月: 2022-09。確認した版と初稿は区別する。,source-ledger.json,False
R04,global-raceline,global_racetrajectory_optimization,TUMFTM,2020,2020,,,https://github.com/TUMFTM/global_racetrajectory_optimization,,code,author-code,racing,2018-2020,2026-10-02,README method options and primary-paper references inspected,"[""racing-overview-2018-2026"", ""forzaeth-race-stack-2024""]",調査済み,Minimum curvature DOI10.1080/00423114.2019.1631455 and minimum-time DOI10.1080/00423114.2019.1704804 are distinct works. Code is not another independent experiment.,領域別台帳の書誌年。初稿年・正式刊行年・改訂年は一致しない場合がある。,source-ledger.json,False
R05,f1tenth-unifying,"Unifying F1TENTH Autonomous Racing: Survey, Methods and Benchmarks","Benjamin David Evans, Raphael Trumpp, Marco Caccamo, Felix Jahncke, Johannes Betz, Hendrik Willem Jordaan, Herman Arnold Engelbrecht",2024,2024,,2024-04-25,https://arxiv.org/html/2402.18558v2,10.48550/arXiv.2402.18558,survey,preprint,racing,2023-2024,2026-10-02,"Full HTML retrieved; §§III–V read, TableII and simulator/localization conditions","[""racing-overview-2018-2026""]",調査済み,Do not universalize closed-loop simulator benchmark. Contains apparent numerical/text errors around slip-angle prose; not reproduced.,領域別台帳の書誌年。初稿年・正式刊行年・改訂年は一致しない場合がある。 arXiv識別子の初回年月: 2024-02。確認した版と初稿は区別する。,source-ledger.json,False
R06,on-track-sysid,Learning-Based On-Track System Identification for Scaled Autonomous Racing in Under a Minute,"Onur Dikici, Edoardo Ghignone, Cheng Hu, Nicolas Baumann, Lei Xie, Andrea Carron, Michele Magno, Matteo Corno",2024,2024,,2024-11-26,https://arxiv.org/html/2411.17508v1,10.48550/arXiv.2411.17508,preprint,preprint,racing,2023-2024,2026-10-02,"Full HTML retrieved; §§III–IV, data processing, simulation noisy NLS comparison, physical testing TablesI–II","[""racing-overview-2018-2026"", ""forzaeth-race-stack-2024""]",調査済み,"RA-L2025 noted on ETH institutional page, but article uses verified v1. 30s collection plus3s six-iteration training; one-step RMSE not closed-loop safety.",領域別台帳の書誌年。初稿年・正式刊行年・改訂年は一致しない場合がある。 arXiv識別子の初回年月: 2024-11。確認した版と初稿は区別する。,source-ledger.json,False
R07,on-track-sysid,On-Track-SysID,ForzaETH,2024,2024,,,https://github.com/ForzaETH/On-Track-SysID,,code,author-code,racing,2023-2024,2026-10-02,README algorithm and file roles; no execution,"[""racing-overview-2018-2026"", ""forzaeth-race-stack-2024""]",調査済み,,領域別台帳の書誌年。初稿年・正式刊行年・改訂年は一致しない場合がある。,source-ledger.json,False
R08,predictive-spliner,Predictive Spliner: Data-Driven Overtaking in Autonomous Racing Using Opponent Trajectory Prediction,"Nicolas Baumann, Edoardo Ghignone, Cheng Hu, Benedict Hildisch, Tino Hämmerle, Alessandro Bettoni, Andrea Carron, Lei Xie, Michele Magno",2024,2024,,2024-10-07,https://arxiv.org/html/2410.04868v1,10.48550/arXiv.2410.04868,preprint,preprint,racing,2023-2024,2026-10-02,"Full HTML retrieved; §§III–IV, TablesII–III, sampling-until-five-successes protocol","[""racing-overview-2018-2026"", ""forzaeth-race-stack-2024""]",調査済み,"Equation for speed ratio appears inverted vs definition [0,1]; article avoids formula. 8.40ms mean and26.64ms SD belong planner on i7-1165G7; not total stack/worst case.",領域別台帳の書誌年。初稿年・正式刊行年・改訂年は一致しない場合がある。 arXiv識別子の初回年月: 2024-10。確認した版と初稿は区別する。,source-ledger.json,False
R09,m-predictive-spliner,M-Predictive Spliner: Enabling Spatiotemporal Multi-Opponent Overtaking for Autonomous Racing,"Nadine Imholz, Maurice Brunner, Nicolas Baumann, Edoardo Ghignone, Michele Magno",2025,2025,,2025-06-19,https://arxiv.org/html/2506.16301v1,10.48550/arXiv.2506.16301,preprint,preprint,racing,2025,2026-10-02,"Full HTML retrieved; §I code statement, §III tracker mechanism, §IV offline tracker and physical overtaking protocol","[""racing-overview-2018-2026""]",調査済み,"Distinct extension, related family ForzaETH. v1 code link is github.com/ForzaETH/notavailableyet; do not claim code available from that alone.",領域別台帳の書誌年。初稿年・正式刊行年・改訂年は一致しない場合がある。 arXiv識別子の初回年月: 2025-06。確認した版と初稿は区別する。,source-ledger.json,False
R10,iu-ars,From Zero to High-Speed Racing: An Autonomous Racing Stack,"Hassan Jardali, Durgakant Pushp, Youwei Yu et al.; IU Luddy Autonomous Racing",2025,2025,,2025-12-07,https://arxiv.org/html/2512.06892v1,10.48550/arXiv.2512.06892,preprint,preprint,racing,2025,2026-10-02,"Full HTML retrieved; §§2–5 hardware, ARS generations, evaluation domains and sensor failures","[""racing-overview-2018-2026""]",調査済み,Table1 LVRC195 vs §4.3 191km/h unresolved. 260km/h LVMS ARS2 must not transfer to preliminary ARS3 or all perception experiments.,領域別台帳の書誌年。初稿年・正式刊行年・改訂年は一致しない場合がある。 arXiv識別子の初回年月: 2025-12。確認した版と初稿は区別する。,source-ledger.json,False
R11,stability-adaptive-vp,Pushing the Performance Limits in Autonomous Racing: Continuous Stability-Aware Adaptive Velocity Planning in Formula Student Driverless,"Tamara Bergerhoff, Sebastian Baader, Pascal Meißner, Frank Deinzer; CAIRO / THWS",2026,2026,,2026-06-09,https://arxiv.org/html/2606.10733v1,10.48550/arXiv.2606.10733,preprint,preprint,racing,2026,2026-10-02,"Full HTML retrieved; §§III–IV mechanism, real-car/nonadaptive, simulation comparisons and competition limitations","[""racing-overview-2018-2026""]",調査済み,35% first-to-last includes standstill start; 8% means vs fixed baseline. MF17 platform top speed is not test achievement. Competition limit14m/s. Compute unspecified in checked text; peer-review status unverified.,領域別台帳の書誌年。初稿年・正式刊行年・改訂年は一致しない場合がある。 arXiv識別子の初回年月: 2026-06。確認した版と初稿は区別する。,source-ledger.json,False
R12,amz-full-stack,AMZ Driverless: The Full Autonomous Racing System,"Juraj Kabzan, Miguel de la Iglesia Valls, Victor Reijgwart et al.; AMZ / ETH Zürich",2020,2019,,,https://arxiv.org/pdf/1905.05150,10.1002/rob.21977,preprint,paper,racing,2018-2020,2026-10-02,"PDF opened40pp; selected §5 pp25–28 on vehicle model, low/high-speed blending, friction/input-rate constraints","[""racing-overview-2018-2026""]",調査済み,2019 preprint and2020 journal same family. Competition data2017–2018 is historical; no numerical rankings included.,領域別台帳の書誌年。初稿年・正式刊行年・改訂年は一致しない場合がある。 arXiv識別子の初回年月: 2019-05。確認した版と初稿は区別する。,source-ledger.json,False
R13,f1tenth-environment,F1TENTH: An Open-source Evaluation Environment for Continuous Control and Reinforcement Learning,"Matthew O’Kelly, Hongrui Zheng, Dhruv Karthik, Rahul Mangharam",2020,2020,,,https://proceedings.mlr.press/v123/o-kelly20a/o-kelly20a.pdf,,paper,paper,racing,2018-2020,2026-10-02,PDF13pp; selected §§5–6 benchmarks and sim-real discussion,"[""racing-overview-2018-2026""]",調査済み,2019 competition track/2020 proceedings not two papers. Text claims hardware lap times higher while Table1 seems contrary; do not reuse sim-real percentage.,領域別台帳の書誌年。初稿年・正式刊行年・改訂年は一致しない場合がある。,source-ledger.json,False
R14,formulazero,FormulaZero: Distributionally Robust Online Adaptation via Offline Population Synthesis,"Aman Sinha, Matthew O’Kelly, Hongrui Zheng, Rahul Mangharam, John Duchi, Russ Tedrake",2020,2020,,,https://proceedings.mlr.press/v119/sinha20a/sinha20a.pdf,,paper,paper,racing,2018-2020,2026-10-02,PDF13pp; selected §§2–3 offline population and online robust belief update,"[""racing-overview-2018-2026""]",調査済み,Mechanism-level mention only; no re-created proof or test result claimed.,領域別台帳の書誌年。初稿年・正式刊行年・改訂年は一致しない場合がある。,source-ledger.json,False
R15,bayesrace,BayesRace: Learning to race autonomously using prior experience,"Achin Jain, Matthew O’Kelly, Pratik Chaudhari, Manfred Morari",2021,2021,,,https://proceedings.mlr.press/v155/jain21b.html,,paper,primary-metadata,racing,2021-2022,2026-10-02,"Official PMLR metadata and abstract; PDF open error, not full-text verified","[""racing-overview-2018-2026""]",調査済み,2020 preprint/CoRL2020 and proceedings2021 same work. Used only in timeline with limitation; no numerical results.,領域別台帳の書誌年。初稿年・正式刊行年・改訂年は一致しない場合がある。,source-ledger.json,False
R16,racing-survey,Autonomous Vehicles on the Edge: A Survey on Autonomous Vehicle Racing,"Johannes Betz, Hongrui Zheng, Alexander Liniger, Ugo Rosolia, Phillip Karle, Madhur Behl, Venkat Krovi, Rahul Mangharam",2022,2022,,,https://arxiv.org/abs/2202.07008,10.1109/OJITS.2022.3181510,survey,primary-metadata,racing,2021-2022,2026-10-02,"Abstract, bibliographic metadata; not full-text read","[""racing-overview-2018-2026""]",調査済み,Contextual taxonomy lead only; no fine-grained conclusions attributed.,領域別台帳の書誌年。初稿年・正式刊行年・改訂年は一致しない場合がある。 arXiv識別子の初回年月: 2022-02。確認した版と初稿は区別する。,source-ledger.json,False
C01,it-mpc-williams,Information Theoretic Model Predictive Control: Theory and Applications to Autonomous Driving,Grady Williams; Paul Drews; Brian Goldfain; James M. Rehg; Evangelos A. Theodorou / Georgia Institute of Technology,2018,2017,,2018-12 journal version; arXiv first 2017-07-07,https://arxiv.org/abs/1707.02342,10.1109/TRO.2018.2865891,preprint,journal paper / preprint,control,foundation,2026-10-02,Primary abstract; year/DOI cross-checked institutional author publication record; existing site article inspected,"[""information-theoretic-mpc"", ""mpc-mppi-overview""]",調査済み,2017 arXiv and 2018 TRO are one study family. No new full-text performance claims from this source.,領域別台帳の書誌年。初稿年・正式刊行年・改訂年は一致しない場合がある。 arXiv識別子の初回年月: 2017-07。確認した版と初稿は区別する。,source-ledger.json,False
C02,r-mppi-gandhi,Robust Model Predictive Path Integral Control: Analysis and Performance Guarantees,Manan S. Gandhi; Bogdan Vlahov; Jason Gibson; Grady Williams; Evangelos A. Theodorou / Georgia Institute of Technology ACDS Lab; Williams also Embark Trucks,2021,2021,,2021-02-17 v1,https://arxiv.org/pdf/2102.09027v1,10.1109/LRA.2021.3057563,preprint,peer-reviewed ra-l paper / author preprint,control,2021-2022,2026-10-02,FULL TEXT 8 pages: §§I–VI; algorithms 1–3; lemmas 1–3; Table I; limitations; PDF text downloaded and read,"[""robust-mppi"", ""mpc-mppi-overview""]",調査済み,Hardware lap-time gain absent; different costs; simulated target speeds differ. CCM CPU experiments not real time. GPU/CPU exact models and full sensing stack not specified in inspected article.,領域別台帳の書誌年。初稿年・正式刊行年・改訂年は一致しない場合がある。 arXiv識別子の初回年月: 2021-02。確認した版と初稿は区別する。,source-ledger.json,False
C03,acados-framework,acados: a modular open-source framework for fast embedded optimal control,Robin Verschueren; Gianluca Frison; Dimitris Kouzoupis; Jonathan Frey; Niels van Duijkeren; Andrea Zanelli; Branimir Novoselnik; Thivaharan Albin; Rien Quirynen; Moritz Diehl / ABB; University of Freiburg; KU Leuven; University of Zagreb; ETH Zurich; MERL,2019,2019,,2020-11-26 v3,https://arxiv.org/pdf/1910.13753v3,10.48550/arXiv.1910.13753,preprint,author preprint,control,2018-2020,2026-10-02,"Full text downloaded; first page metadata, optimal-control/SQP architecture sections inspected; benchmarks not extracted","[""mpc-mppi-overview""]",調査済み,No hardware speed comparison used; do not treat paper-era globalization limitations as current acados limitations.,領域別台帳の書誌年。初稿年・正式刊行年・改訂年は一致しない場合がある。 arXiv識別子の初回年月: 2019-10。確認した版と初稿は区別する。,source-ledger.json,False
C04,nonlinear-predictive-safety-filter,A predictive safety filter for learning-based control of constrained nonlinear dynamical systems,Kim P. Wabersich; Melanie N. Zeilinger / ETH Zurich,2018,2018,,2021-05-17 v4,https://arxiv.org/pdf/1812.05506v4,10.48550/arXiv.1812.05506,preprint,author preprint of automatica paper,control,2018-2020,2026-10-02,"Full text retrieved; introduction, architecture, safety probability and backup-policy explanation inspected; not complete proof audit","[""mpc-mppi-overview""]",調査済み,2018 initial and 2021 revised text same family. No project guarantee is inferred.,領域別台帳の書誌年。初稿年・正式刊行年・改訂年は一致しない場合がある。 arXiv識別子の初回年月: 2018-12。確認した版と初稿は区別する。,source-ledger.json,False
C05,probabilistic-mpsc,Probabilistic model predictive safety certification for learning-based control,Kim P. Wabersich; Lukas Hewing; Andrea Carron; Melanie N. Zeilinger / ETH Zurich,2019,2019,,,https://arxiv.org/pdf/1906.10417,10.48550/arXiv.1906.10417,preprint,author preprint,control,2018-2020,2026-10-02,Abstract and primary full-text opening/architecture accessed; full PDF retrieved; no experiment numbers used,"[""mpc-mppi-overview""]",調査済み,Final-version history not verified; do not invent updated date.,領域別台帳の書誌年。初稿年・正式刊行年・改訂年は一致しない場合がある。 arXiv識別子の初回年月: 2019-06。確認した版と初稿は区別する。,source-ledger.json,False
C06,smooth-mppi,Smooth Model Predictive Path Integral Control without Smoothing,Taekyung Kim; Gyuhyun Park; Kiho Kwak; Jihwan Bae; Wonsuk Lee / Agency for Defense Development; Gyuhyun Park also Seoul National University,2022,2021,,2025-10-13 v8; first arXiv 2021-12-18,https://arxiv.org/pdf/2112.09988v8,10.1109/LRA.2022.3192800,preprint,peer-reviewed ra-l paper / revised preprint,control,2021-2022,2026-10-02,Full PDF downloaded; introduction and input-lifting mechanism checked; version history and acceptance checked; no numerical benchmark reused,"[""mpc-mppi-overview""]",調査済み,2025 revision is not an independent 2025 study. Needs separate full numerical study for future individual article.,領域別台帳の書誌年。初稿年・正式刊行年・改訂年は一致しない場合がある。 arXiv識別子の初回年月: 2021-12。確認した版と初稿は区別する。,source-ledger.json,False
C07,covo-mpc,CoVO-MPC: Theoretical analysis of sampling-based MPC and optimal covariance design,Zeji Yi; Chaoyi Pan; Guanqi He; Guannan Qu; Guanya Shi / Carnegie Mellon University,2024,2024,,2024 PMLR 242:1122–1135,https://proceedings.mlr.press/v242/yi24b/yi24b.pdf,,paper,peer-reviewed l4dc proceedings,control,2023-2024,2026-10-02,"Full text downloaded; §§4.1–4.3, Theorem 1 infinite-sample assumptions and covariance discussion read; no cross-domain improvement percentages used","[""mpc-mppi-overview""]",調査済み,Convergence of optimization is not closed-loop collision safety; finite-sample/nonconvex application requires qualification.,領域別台帳の書誌年。初稿年・正式刊行年・改訂年は一致しない場合がある。,source-ledger.json,False
C08,mppi-generic,MPPI-Generic: A CUDA Library for Stochastic Trajectory Optimization,Bogdan Vlahov; Jason Gibson; Manan Gandhi; Evangelos A. Theodorou / Georgia Institute of Technology ACDS Lab,2024,2024,,,https://arxiv.org/abs/2409.07563,10.48550/arXiv.2409.07563,preprint,author preprint,control,2023-2024,2026-10-02,Primary metadata and abstract checked; implementation docs independently read; benchmark paper not fully read,"[""mpc-mppi-overview""]",調査済み,No numeric performance claim used. Library paper and repository share family_id.,領域別台帳の書誌年。初稿年・正式刊行年・改訂年は一致しない場合がある。 arXiv識別子の初回年月: 2024-09。確認した版と初稿は区別する。,source-ledger.json,False
C09,mppi-generic,MPPI-Generic official implementation and algorithm guide,ACDS Lab / MPPI-Generic maintainers / Georgia Institute of Technology ACDS Lab,,,,live documentation checked 2026-10-02,https://acdslab.github.io/mppi-generic-website/docs/mppi.html,,technical,author implementation documentation,control,undated,2026-10-02,"Algorithm formulation, update and Tube/RMPPI discussion read; repository README requirements checked at https://github.com/ACDSLab/MPPI-Generic","[""robust-mppi"", ""mpc-mppi-overview""]",調査済み,"No install, benchmark execution or code equivalence claim. Live docs not pinned to experiment-era commit.",公表年未確認。確認日を公表年に代用せず、時代別マトリクスの件数から除外する。,source-ledger.json,False
C10,osqp,"OSQP official solver, MPC and Python warm-start documentation",OSQP maintainers / OSQP open-source project,,,,live documentation checked 2026-10-02,https://osqp.org/docs/interfaces/python.html,,technical,official documentation,control,undated,2026-10-02,"QP form, automatic primal/dual warm start, MPC example; source also https://osqp.org/docs/ and https://github.com/osqp/osqp/blob/master/docs/examples/mpc.rst","[""mpc-mppi-overview""]",調査済み,No solver runtime or project compatibility tested. Separate docs of same implementation are one family.,公表年未確認。確認日を公表年に代用せず、時代別マトリクスの件数から除外する。,source-ledger.json,False
C11,nav2-mppi,On Use of Nav2 MPPI Controller,Nav2 project; specific slide author not verified / Nav2 / ROSCon,2023,2023,,,https://roscon.ros.org/2023/talks/On_Use_of_Nav2_MPPI_Controller.pdf,,technical,official conference presentation,control,2023-2024,2026-10-02,"Discovery/metadata only; included as implementation-community timeline link, not technical performance evidence","[""mpc-mppi-overview""]",調査済み,Author attribution and full slides not inspected; retain limited scope.,領域別台帳の書誌年。初稿年・正式刊行年・改訂年は一致しない場合がある。,source-ledger.json,False
C12,toia-residual-mppi,Task-Oriented Active Learning of Residual Dynamics for Model Predictive Path Integral Control,Nobuaki Aoki; Hojin Lee; Stefan Sosnowski; Sandra Hirche / Technical University of Munich; ITR / MIRMI,2026,2026,,2026-09-16 v1,https://arxiv.org/pdf/2609.19378v1,10.48550/arXiv.2609.19378,preprint,preprint; acceptance unverified,control,2026,2026-10-02,"Full PDF retrieved; introduction, GP/MPPI architecture, §IV setup, Tables I–IV and §VI limitations inspected; primary arXiv version/date verified","[""mpc-mppi-overview""]",調査済み,Synthetic residuals; terrain-class conditioned GP; physical systems future work. No success-rate or runtime figures used in article to avoid incomplete vehicle/sensing comparison.,領域別台帳の書誌年。初稿年・正式刊行年・改訂年は一致しない場合がある。 arXiv識別子の初回年月: 2026-09。確認した版と初稿は区別する。,source-ledger.json,False
C13,project-main-control,TimePath + local SLAM MPPI avoidance,E2E Lite TransFuser project contributors,2026,2026,,public main 8d9ab923e8cc2d01b28296a3032f65ab9438c384,https://github.com/fis-teria/aichallenge_lite_transfuser/blob/8d9ab923e8cc2d01b28296a3032f65ab9438c384/docs/slam_mppi_avoidance.md,,code,project primary source documentation,control,2026,2026-10-02,"Full relevant architecture, restrictions, failure history, rollout02 results read; current source and IO validated by audit worker","[""robust-mppi"", ""mpc-mppi-overview""]",調査済み,"Current main snapshot is not experiment commit: rollout02 409af4e88b5452c3c83a5d848eeda1bad3366d96. Speed profiles are settings, not achievements.",領域別台帳の書誌年。初稿年・正式刊行年・改訂年は一致しない場合がある。,source-ledger.json,False
C14,whole-body-mppi,Real-time whole-body control of legged robots with model-predictive path integral control,Juan Alvarez-Padilla; John Z. Zhang; Sofia Kwok; John M. Dolan; Zachary Manchester / Carnegie Mellon University,2025,2025,,,https://whole-body-mppi.github.io/,10.1109/ICRA55743.2025.11128271,paper,official author project page accompanying icra 2025 paper,control,2025,2026-10-02,"Full author project page read incl sensing/system diagram, abstract, publication BibTeX; paper not full-read","[""mpc-mppi-overview""]",調査済み,"Used only for application-domain/sensor boundary, no numerical claim or first-ever priority claim reused. Distinct 2025 study; not road vehicle comparison.",領域別台帳の書誌年。初稿年・正式刊行年・改訂年は一致しない場合がある。,source-ledger.json,False
