year,classification_year,publication_date,updated,era,domain,title,study_family_id,source_id,url,date_basis,boundary_note
2018,2017,,2018-12 journal version; arXiv first 2017-07-07,foundation,control,Information Theoretic Model Predictive Control: Theory and Applications to Autonomous Driving,it-mpc-williams,C01,https://arxiv.org/abs/1707.02342,領域別台帳の書誌年。初稿年・正式刊行年・改訂年は一致しない場合がある。 arXiv識別子の初回年月: 2017-07。確認した版と初稿は区別する。,2017 arXiv and 2018 TRO are one study family. No new full-text performance claims from this source.
2017,2017,,2017-10-06,foundation,e2e,End-to-end Driving via Conditional Imitation Learning,cil,E2E-CIL,https://arxiv.org/abs/1710.02410,領域別台帳の書誌年。初稿年・正式刊行年・改訂年は一致しない場合がある。 arXiv識別子の初回年月: 2017-10。確認した版と初稿は区別する。,
2018,2018,,2021-05-17 v4,2018-2020,control,A predictive safety filter for learning-based control of constrained nonlinear dynamical systems,nonlinear-predictive-safety-filter,C04,https://arxiv.org/pdf/1812.05506v4,領域別台帳の書誌年。初稿年・正式刊行年・改訂年は一致しない場合がある。 arXiv識別子の初回年月: 2018-12。確認した版と初稿は区別する。,2018 initial and 2021 revised text same family. No project guarantee is inferred.
2018,2018,,2018-12-07,2018-2020,e2e,ChauffeurNet: Learning to Drive by Imitating the Best and Synthesizing the Worst,chauffeurnet,E2E-CHAUFFEUR,https://arxiv.org/abs/1812.03079,領域別台帳の書誌年。初稿年・正式刊行年・改訂年は一致しない場合がある。 arXiv識別子の初回年月: 2018-12。確認した版と初稿は区別する。,
2019,2019,,,2018-2020,control,Probabilistic model predictive safety certification for learning-based control,probabilistic-mpsc,C05,https://arxiv.org/pdf/1906.10417,領域別台帳の書誌年。初稿年・正式刊行年・改訂年は一致しない場合がある。 arXiv識別子の初回年月: 2019-06。確認した版と初稿は区別する。,Final-version history not verified; do not invent updated date.
2019,2019,,2020-11-26 v3,2018-2020,control,acados: a modular open-source framework for fast embedded optimal control,acados-framework,C03,https://arxiv.org/pdf/1910.13753v3,領域別台帳の書誌年。初稿年・正式刊行年・改訂年は一致しない場合がある。 arXiv識別子の初回年月: 2019-10。確認した版と初稿は区別する。,No hardware speed comparison used; do not treat paper-era globalization limitations as current acados limitations.
2019,2019,,2019-04-18,2018-2020,e2e,Exploring the Limitations of Behavior Cloning for Autonomous Driving,bc-limitations,E2E-BC,https://arxiv.org/abs/1904.08980,領域別台帳の書誌年。初稿年・正式刊行年・改訂年は一致しない場合がある。 arXiv識別子の初回年月: 2019-04。確認した版と初稿は区別する。,
2020,2019,,,2018-2020,racing,AMZ Driverless: The Full Autonomous Racing System,amz-full-stack,R12,https://arxiv.org/pdf/1905.05150,領域別台帳の書誌年。初稿年・正式刊行年・改訂年は一致しない場合がある。 arXiv識別子の初回年月: 2019-05。確認した版と初稿は区別する。,2019 preprint and2020 journal same family. Competition data2017–2018 is historical; no numerical rankings included.
2020,2020,,,2018-2020,e2e,Learning by Cheating,learning-by-cheating,E2E-LBC,https://proceedings.mlr.press/v100/chen20a.html,領域別台帳の書誌年。初稿年・正式刊行年・改訂年は一致しない場合がある。,
2020,2020,,,2018-2020,racing,F1TENTH: An Open-source Evaluation Environment for Continuous Control and Reinforcement Learning,f1tenth-environment,R13,https://proceedings.mlr.press/v123/o-kelly20a/o-kelly20a.pdf,領域別台帳の書誌年。初稿年・正式刊行年・改訂年は一致しない場合がある。,2019 competition track/2020 proceedings not two papers. Text claims hardware lap times higher while Table1 seems contrary; do not reuse sim-real percentage.
2020,2020,,,2018-2020,racing,FormulaZero: Distributionally Robust Online Adaptation via Offline Population Synthesis,formulazero,R14,https://proceedings.mlr.press/v119/sinha20a/sinha20a.pdf,領域別台帳の書誌年。初稿年・正式刊行年・改訂年は一致しない場合がある。,Mechanism-level mention only; no re-created proof or test result claimed.
2020,2020,,,2018-2020,racing,global_racetrajectory_optimization,global-raceline,R04,https://github.com/TUMFTM/global_racetrajectory_optimization,領域別台帳の書誌年。初稿年・正式刊行年・改訂年は一致しない場合がある。,Minimum curvature DOI10.1080/00423114.2019.1631455 and minimum-time DOI10.1080/00423114.2019.1704804 are distinct works. Code is not another independent experiment.
2021,2021,,2021-02-17 v1,2021-2022,control,Robust Model Predictive Path Integral Control: Analysis and Performance Guarantees,r-mppi-gandhi,C02,https://arxiv.org/pdf/2102.09027v1,領域別台帳の書誌年。初稿年・正式刊行年・改訂年は一致しない場合がある。 arXiv識別子の初回年月: 2021-02。確認した版と初稿は区別する。,Hardware lap-time gain absent; different costs; simulated target speeds differ. CCM CPU experiments not real time. GPU/CPU exact models and full sensing stack not specified in inspected article.
2022,2021,,2025-10-13 v8; first arXiv 2021-12-18,2021-2022,control,Smooth Model Predictive Path Integral Control without Smoothing,smooth-mppi,C06,https://arxiv.org/pdf/2112.09988v8,領域別台帳の書誌年。初稿年・正式刊行年・改訂年は一致しない場合がある。 arXiv識別子の初回年月: 2021-12。確認した版と初稿は区別する。,2025 revision is not an independent 2025 study. Needs separate full numerical study for future individual article.
2021,2021,,2021-08-18,2021-2022,e2e,End-to-End Urban Driving by Imitating a Reinforcement Learning Coach,roach,E2E-ROACH,https://arxiv.org/abs/2108.08265,領域別台帳の書誌年。初稿年・正式刊行年・改訂年は一致しない場合がある。 arXiv識別子の初回年月: 2021-08。確認した版と初稿は区別する。,
2021,2021,,2021-05-03,2021-2022,e2e,Learning to Drive from a World on Rails,world-on-rails,E2E-WOR,https://arxiv.org/abs/2105.00636,領域別台帳の書誌年。初稿年・正式刊行年・改訂年は一致しない場合がある。 arXiv識別子の初回年月: 2021-05。確認した版と初稿は区別する。,
2021,2021,,2021-04-19,2021-2022,e2e,Multi-Modal Fusion Transformer for End-to-End Autonomous Driving,transfuser,E2E-TF-PAPER,https://arxiv.org/pdf/2104.09224,領域別台帳の書誌年。初稿年・正式刊行年・改訂年は一致しない場合がある。 arXiv識別子の初回年月: 2021-04。確認した版と初稿は区別する。,
2021,2021,,,2021-2022,e2e,Multi-Modal Fusion Transformer for End-to-End Autonomous Driving — CVPR record,transfuser,E2E-TF-CVF,https://openaccess.thecvf.com/content/CVPR2021/html/Prakash_Multi-Modal_Fusion_Transformer_for_End-to-End_Autonomous_Driving_CVPR_2021_paper.html,領域別台帳の書誌年。初稿年・正式刊行年・改訂年は一致しない場合がある。,
2021,2021,,,2021-2022,e2e,Multi-Modal Fusion Transformer for End-to-End Autonomous Driving — Supplementary,transfuser,E2E-TF-SUPP,https://www.cvlibs.net/publications/Prakash2021CVPR_supplementary.pdf,領域別台帳の書誌年。初稿年・正式刊行年・改訂年は一致しない場合がある。,
2021,2021,,,2021-2022,e2e,TransFuser official CVPR 2021 branch,transfuser,E2E-TF-CODE21,https://github.com/autonomousvision/transfuser/tree/cvpr2021,領域別台帳の書誌年。初稿年・正式刊行年・改訂年は一致しない場合がある。,
2021,2021,,,2021-2022,racing,BayesRace: Learning to race autonomously using prior experience,bayesrace,R15,https://proceedings.mlr.press/v155/jain21b.html,領域別台帳の書誌年。初稿年・正式刊行年・改訂年は一致しない場合がある。,2020 preprint/CoRL2020 and proceedings2021 same work. Used only in timeline with limitation; no numerical results.
2022,2022,,2022-11-03,2021-2022,e2e,Model-Based Imitation Learning for Urban Driving,mile,E2E-MILE,https://arxiv.org/html/2210.07729v2,領域別台帳の書誌年。初稿年・正式刊行年・改訂年は一致しない場合がある。 arXiv識別子の初回年月: 2022-10。確認した版と初稿は区別する。,
2023,2022,,2023-03-23,2021-2022,e2e,Planning-oriented Autonomous Driving,uniad,E2E-UNIAD,https://arxiv.org/html/2212.10156v2,領域別台帳の書誌年。初稿年・正式刊行年・改訂年は一致しない場合がある。 arXiv識別子の初回年月: 2022-12。確認した版と初稿は区別する。,
2022,2022,,,2021-2022,racing,Autonomous Vehicles on the Edge: A Survey on Autonomous Vehicle Racing,racing-survey,R16,https://arxiv.org/abs/2202.07008,領域別台帳の書誌年。初稿年・正式刊行年・改訂年は一致しない場合がある。 arXiv識別子の初回年月: 2022-02。確認した版と初稿は区別する。,Contextual taxonomy lead only; no fine-grained conclusions attributed.
2023,2022,,2023-07-07,2021-2022,racing,Model- and Acceleration-based Pursuit Controller for High-Performance Autonomous Racing,map-controller,R03,https://arxiv.org/html/2209.04346v2,領域別台帳の書誌年。初稿年・正式刊行年・改訂年は一致しない場合がある。 arXiv識別子の初回年月: 2022-09。確認した版と初稿は区別する。,Same work as 2022 preprint. HTML drops /s in several speed renderings; avoid reproducing broken units. Current article does not reuse performance headline.
2023,2023,,,2023-2024,control,On Use of Nav2 MPPI Controller,nav2-mppi,C11,https://roscon.ros.org/2023/talks/On_Use_of_Nav2_MPPI_Controller.pdf,領域別台帳の書誌年。初稿年・正式刊行年・改訂年は一致しない場合がある。,Author attribution and full slides not inspected; retain limited scope.
2024,2023,,,2023-2024,e2e,DriveLM: Driving with Graph Visual Question Answering,drivelm,E2E-DRIVELM,https://arxiv.org/html/2312.14150v2,領域別台帳の書誌年。初稿年・正式刊行年・改訂年は一致しない場合がある。 arXiv識別子の初回年月: 2023-12。確認した版と初稿は区別する。,
2023,2023,,,2023-2024,e2e,TransFuser: Imitation with Transformer-Based Sensor Fusion for Autonomous Driving,transfuser,E2E-TF-CODE23,https://github.com/autonomousvision/transfuser,領域別台帳の書誌年。初稿年・正式刊行年・改訂年は一致しない場合がある。,
2023,2023,,2023-08-24,2023-2024,e2e,VAD: Vectorized Scene Representation for Efficient Autonomous Driving,vad,E2E-VAD,https://arxiv.org/abs/2303.12077,領域別台帳の書誌年。初稿年・正式刊行年・改訂年は一致しない場合がある。 arXiv識別子の初回年月: 2023-03。確認した版と初稿は区別する。,
2024,2024,,2024 PMLR 242:1122–1135,2023-2024,control,CoVO-MPC: Theoretical analysis of sampling-based MPC and optimal covariance design,covo-mpc,C07,https://proceedings.mlr.press/v242/yi24b/yi24b.pdf,領域別台帳の書誌年。初稿年・正式刊行年・改訂年は一致しない場合がある。,Convergence of optimization is not closed-loop collision safety; finite-sample/nonconvex application requires qualification.
2024,2024,,,2023-2024,control,MPPI-Generic: A CUDA Library for Stochastic Trajectory Optimization,mppi-generic,C08,https://arxiv.org/abs/2409.07563,領域別台帳の書誌年。初稿年・正式刊行年・改訂年は一致しない場合がある。 arXiv識別子の初回年月: 2024-09。確認した版と初稿は区別する。,No numeric performance claim used. Library paper and repository share family_id.
2025,2024,,,2023-2024,e2e,DiffusionDrive: Truncated Diffusion Model for End-to-End Autonomous Driving,diffusiondrive,E2E-DIFFUSIONDRIVE,https://arxiv.org/html/2411.15139v2,領域別台帳の書誌年。初稿年・正式刊行年・改訂年は一致しない場合がある。 arXiv識別子の初回年月: 2024-11。確認した版と初稿は区別する。,
2024,2024,,2024-10-31,2023-2024,e2e,NAVSIM: Data-Driven Non-Reactive Autonomous Vehicle Simulation and Benchmarking,navsim,E2E-NAVSIM,https://arxiv.org/html/2406.15349v2,領域別台帳の書誌年。初稿年・正式刊行年・改訂年は一致しない場合がある。 arXiv識別子の初回年月: 2024-06。確認した版と初稿は区別する。,
2024,2024,,2024-02-26,2023-2024,e2e,Think2Drive: Efficient Reinforcement Learning by Thinking in Latent World Model for Quasi-Realistic Autonomous Driving (in CARLA-v2),think2drive,E2E-THINK2DRIVE,https://arxiv.org/abs/2402.16720,領域別台帳の書誌年。初稿年・正式刊行年・改訂年は一致しない場合がある。 arXiv識別子の初回年月: 2024-02。確認した版と初稿は区別する。,
2024,2024,,2024-08-19,2023-2024,racing,ForzaETH Race Stack — Scaled Autonomous Head-to-Head Racing on Fully Commercial Off-the-Shelf Hardware,forzaeth-full-stack,R01,https://arxiv.org/html/2403.11784v2,領域別台帳の書誌年。初稿年・正式刊行年・改訂年は一致しない場合がある。 arXiv識別子の初回年月: 2024-03。確認した版と初稿は区別する。,2022/2023 competition years not publication years. Paper replayed lab scenarios differ from competition telemetry. Claims bounded to 1:10 vehicle.
2024,2024,,,2023-2024,racing,ForzaETH race_stack,forzaeth-full-stack,R02,https://github.com/ForzaETH/race_stack,領域別台帳の書誌年。初稿年・正式刊行年・改訂年は一致しない場合がある。,Current repository is evolving; no code commit pinned for author implementation.
2024,2024,,2024-11-26,2023-2024,racing,Learning-Based On-Track System Identification for Scaled Autonomous Racing in Under a Minute,on-track-sysid,R06,https://arxiv.org/html/2411.17508v1,領域別台帳の書誌年。初稿年・正式刊行年・改訂年は一致しない場合がある。 arXiv識別子の初回年月: 2024-11。確認した版と初稿は区別する。,"RA-L2025 noted on ETH institutional page, but article uses verified v1. 30s collection plus3s six-iteration training; one-step RMSE not closed-loop safety."
2024,2024,,,2023-2024,racing,On-Track-SysID,on-track-sysid,R07,https://github.com/ForzaETH/On-Track-SysID,領域別台帳の書誌年。初稿年・正式刊行年・改訂年は一致しない場合がある。,
2024,2024,,2024-10-07,2023-2024,racing,Predictive Spliner: Data-Driven Overtaking in Autonomous Racing Using Opponent Trajectory Prediction,predictive-spliner,R08,https://arxiv.org/html/2410.04868v1,領域別台帳の書誌年。初稿年・正式刊行年・改訂年は一致しない場合がある。 arXiv識別子の初回年月: 2024-10。確認した版と初稿は区別する。,"Equation for speed ratio appears inverted vs definition [0,1]; article avoids formula. 8.40ms mean and26.64ms SD belong planner on i7-1165G7; not total stack/worst case."
2024,2024,,2024-04-25,2023-2024,racing,"Unifying F1TENTH Autonomous Racing: Survey, Methods and Benchmarks",f1tenth-unifying,R05,https://arxiv.org/html/2402.18558v2,領域別台帳の書誌年。初稿年・正式刊行年・改訂年は一致しない場合がある。 arXiv識別子の初回年月: 2024-02。確認した版と初稿は区別する。,Do not universalize closed-loop simulator benchmark. Contains apparent numerical/text errors around slip-angle prose; not reproduced.
2025,2025,,,2025,control,Real-time whole-body control of legged robots with model-predictive path integral control,whole-body-mppi,C14,https://whole-body-mppi.github.io/,領域別台帳の書誌年。初稿年・正式刊行年・改訂年は一致しない場合がある。,"Used only for application-domain/sensor boundary, no numerical claim or first-ever priority claim reused. Distinct 2025 study; not road vehicle comparison."
2025,2025,,,2025,e2e,Alpamayo-R1: Bridging Reasoning and Action Prediction for Generalizable Autonomous Driving in the Long Tail,alpamayo,E2E-ALPAMAYO-PAPER,https://arxiv.org/html/2511.00088v1,領域別台帳の書誌年。初稿年・正式刊行年・改訂年は一致しない場合がある。 arXiv識別子の初回年月: 2025-11。確認した版と初稿は区別する。,
2025,2025,,2025-07-11,2025,e2e,DriveTransformer: Unified Transformer for Scalable End-to-End Autonomous Driving,drivetransformer,E2E-DRIVETRANSFORMER,https://arxiv.org/html/2503.07656v1,領域別台帳の書誌年。初稿年・正式刊行年・改訂年は一致しない場合がある。 arXiv識別子の初回年月: 2025-03。確認した版と初稿は区別する。,
2025,2025,,2025-12-07,2025,racing,From Zero to High-Speed Racing: An Autonomous Racing Stack,iu-ars,R10,https://arxiv.org/html/2512.06892v1,領域別台帳の書誌年。初稿年・正式刊行年・改訂年は一致しない場合がある。 arXiv識別子の初回年月: 2025-12。確認した版と初稿は区別する。,Table1 LVRC195 vs §4.3 191km/h unresolved. 260km/h LVMS ARS2 must not transfer to preliminary ARS3 or all perception experiments.
2025,2025,,2025-06-19,2025,racing,M-Predictive Spliner: Enabling Spatiotemporal Multi-Opponent Overtaking for Autonomous Racing,m-predictive-spliner,R09,https://arxiv.org/html/2506.16301v1,領域別台帳の書誌年。初稿年・正式刊行年・改訂年は一致しない場合がある。 arXiv識別子の初回年月: 2025-06。確認した版と初稿は区別する。,"Distinct extension, related family ForzaETH. v1 code link is github.com/ForzaETH/notavailableyet; do not claim code available from that alone."
2026,2026,,2026-09-16 v1,2026,control,Task-Oriented Active Learning of Residual Dynamics for Model Predictive Path Integral Control,toia-residual-mppi,C12,https://arxiv.org/pdf/2609.19378v1,領域別台帳の書誌年。初稿年・正式刊行年・改訂年は一致しない場合がある。 arXiv識別子の初回年月: 2026-09。確認した版と初稿は区別する。,Synthetic residuals; terrain-class conditioned GP; physical systems future work. No success-rate or runtime figures used in article to avoid incomplete vehicle/sensing comparison.
2026,2026,,public main 8d9ab923e8cc2d01b28296a3032f65ab9438c384,2026,control,TimePath + local SLAM MPPI avoidance,project-main-control,C13,https://github.com/fis-teria/aichallenge_lite_transfuser/blob/8d9ab923e8cc2d01b28296a3032f65ab9438c384/docs/slam_mppi_avoidance.md,領域別台帳の書誌年。初稿年・正式刊行年・改訂年は一致しない場合がある。,"Current main snapshot is not experiment commit: rollout02 409af4e88b5452c3c83a5d848eeda1bad3366d96. Speed profiles are settings, not achievements."
2026,2026,,2026-09-27,2026,e2e,E2E Lite TimePath tests,e2e-lite-current-main,E2E-PROJECT-TEST,https://github.com/fis-teria/aichallenge_lite_transfuser/blob/8d9ab923e8cc2d01b28296a3032f65ab9438c384/tests/test_time_path_v1.py,領域別台帳の書誌年。初稿年・正式刊行年・改訂年は一致しない場合がある。,
2026,2026,,2026-09-27,2026,e2e,E2E Lite main TimePathV1,e2e-lite-current-main,E2E-PROJECT-TIMEPATH,https://github.com/fis-teria/aichallenge_lite_transfuser/blob/8d9ab923e8cc2d01b28296a3032f65ab9438c384/src/aic_transfuser_lite/models/time_path_v1.py,領域別台帳の書誌年。初稿年・正式刊行年・改訂年は一致しない場合がある。,
2026,2026,,2026-09-27,2026,e2e,E2E Lite main time backbone,e2e-lite-current-main,E2E-PROJECT-BACKBONE,https://github.com/fis-teria/aichallenge_lite_transfuser/blob/8d9ab923e8cc2d01b28296a3032f65ab9438c384/src/aic_transfuser_lite/models/time_backbone_v1.py,領域別台帳の書誌年。初稿年・正式刊行年・改訂年は一致しない場合がある。,
2026,2026,,2026-08-04,2026,e2e,"NVIDIA Alpamayo 2 Super, the Frontier Open Model for Robotaxis and Autonomous Vehicles, Now Available for Commercial Use",alpamayo,E2E-ALPAMAYO-RELEASE,https://blogs.nvidia.com/blog/alpamayo-2-super-open-model-now-available/,領域別台帳の書誌年。初稿年・正式刊行年・改訂年は一致しない場合がある。,
2026,2026,,2026-02-06,2026,e2e,The Waymo World Model: A New Frontier For Autonomous Driving Simulation,waymo-world-model,E2E-WAYMO-WM,https://waymo.com/blog/2026/02/the-waymo-world-model-a-new-frontier-for-autonomous-driving-simulation/,領域別台帳の書誌年。初稿年・正式刊行年・改訂年は一致しない場合がある。,
2026,2026,,2026-06-09,2026,racing,Pushing the Performance Limits in Autonomous Racing: Continuous Stability-Aware Adaptive Velocity Planning in Formula Student Driverless,stability-adaptive-vp,R11,https://arxiv.org/html/2606.10733v1,領域別台帳の書誌年。初稿年・正式刊行年・改訂年は一致しない場合がある。 arXiv識別子の初回年月: 2026-06。確認した版と初稿は区別する。,35% first-to-last includes standstill start; 8% means vs fixed baseline. MF17 platform top speed is not test achievement. Competition limit14m/s. Compute unspecified in checked text; peer-review status unverified.
,,,live documentation checked 2026-10-02,undated,control,MPPI-Generic official implementation and algorithm guide,mppi-generic,C09,https://acdslab.github.io/mppi-generic-website/docs/mppi.html,公表年未確認。確認日を公表年に代用せず、時代別マトリクスの件数から除外する。,"No install, benchmark execution or code equivalence claim. Live docs not pinned to experiment-era commit."
,,,live documentation checked 2026-10-02,undated,control,"OSQP official solver, MPC and Python warm-start documentation",osqp,C10,https://osqp.org/docs/interfaces/python.html,公表年未確認。確認日を公表年に代用せず、時代別マトリクスの件数から除外する。,No solver runtime or project compatibility tested. Separate docs of same implementation are one family.
