s_m,x_m,y_m,psi_rad,kappa_radpm,vx_mps,ax_mps2
0.0000000,89656.0304675,43129.2567969,2.9023735,-0.0191932,9.7222222,0.0000000
0.8306892,89655.8554689,43128.4447501,2.8864299,-0.0615603,9.7222222,0.0000000
1.7067676,89655.6000504,43127.6067317,2.7973044,-0.1163512,9.7222222,0.0000000
2.5551133,89655.2741348,43126.8234888,2.6857912,-0.1377167,9.7222222,0.0000000
3.4043616,89654.8542104,43126.0853248,2.5635175,-0.1607580,9.7222222,0.0000000
4.2363323,89654.3572309,43125.4181017,2.4155217,-0.1747273,9.7222222,0.0000000
5.0688200,89653.7531852,43124.8452452,2.2726911,-0.1581496,9.7222222,0.0000000
5.8754144,89653.1076934,43124.3615771,2.1563016,-0.1429605,9.7222222,0.0000000
6.6626089,89652.4271222,43123.9659787,2.0448421,-0.1210392,9.7222222,0.0000000
7.4757501,89651.6857273,43123.6320144,1.9625982,-0.0874420,9.7222222,0.0000000
8.3533999,89650.8651702,43123.3206382,1.8969960,-0.0767410,9.7222222,0.0000000
9.2232682,89650.0314725,43123.0724061,1.8284920,-0.0757586,9.7222222,0.0000000
10.1740072,89649.1054886,43122.8568642,1.7590694,-0.0764504,9.7222222,0.0000000
11.1958044,89648.0952661,43122.7035014,1.6776908,-0.0797354,9.7222222,0.0000000
12.2257387,89647.0674059,43122.6381709,1.5954738,-0.0693659,9.7222222,0.0000000
13.2757572,89646.0174814,43122.6522166,1.5334129,-0.0674830,9.7222222,0.0000000
14.3375195,89644.9577019,43122.7170756,1.4529644,-0.0839841,9.7222222,0.0000000
15.3776380,89643.9336005,43122.8989071,1.3568884,-0.0820056,9.7222222,0.0000000
16.3962719,89642.9473686,43123.1537829,1.2841352,-0.0665756,9.7222222,0.0000000
17.3933148,89642.0013024,43123.4685102,1.2226935,-0.0859952,9.7222222,0.0000000
18.2030262,89641.2497401,43123.7698184,1.1287631,-0.0861852,9.7222222,0.0000000
19.2248362,89640.3482390,43124.2508503,1.0648434,-0.0530604,9.7222222,0.0000000
20.1403741,89639.5553525,43124.7086064,1.0259665,-0.0434627,9.7222222,0.0000000
20.9798175,89638.8477213,43125.1601849,0.9885672,-0.0403165,9.7222222,0.0000000
21.8324150,89638.1422349,43125.6389453,0.9577493,-0.0377734,9.7222222,0.0000000
22.6376785,89637.4919618,43126.1139129,0.9259441,-0.1032511,9.7222222,0.0000000
23.4342360,89636.8622047,43126.6016729,0.7923596,-0.1420178,9.7222222,0.0000000
24.0712771,89636.4803237,43127.1115633,0.7223476,-0.0232845,9.7222222,0.0000000
24.8483754,89635.9296710,43127.6598912,0.7594320,-0.0036654,9.7222222,0.0000000
25.5698698,89635.4489663,43128.1979220,0.7168547,-0.0472199,9.7222222,0.0000000
26.3389502,89634.9504082,43128.7835195,0.6890473,-0.0398685,9.7222222,0.0000000
27.1635862,89634.4358027,43129.4278840,0.6533157,-0.0390311,9.7222222,0.0000000
27.9753455,89633.9559842,43130.0826569,0.6251769,-0.0223562,9.7222222,0.0000000
28.8234789,89633.4643901,43130.7737903,0.6162068,-0.0464426,9.7222222,0.0000000
29.6985473,89632.9600725,43131.4889186,0.5451470,-0.0231639,9.7222222,0.0000000
30.6551048,89632.5166834,43132.3365083,0.5737792,0.0319885,9.7222222,0.0000000
31.5623901,89631.9528530,43133.0473261,0.6047685,-0.0069870,9.7222222,0.0000000
32.6091456,89631.4077562,43133.9409516,0.5601262,-0.0128419,9.7222222,0.0000000
33.6907241,89630.8221678,43134.8502912,0.5774365,0.0130640,9.7222222,0.0000000
34.8024861,89630.2104766,43135.7786491,0.5887801,0.0071164,9.7222222,0.0000000
35.8975871,89629.5966169,43136.6855242,0.5931415,0.0009785,9.7222222,0.0000000
36.9967324,89628.9839640,43137.5980902,0.5909271,0.0037228,9.7222222,0.0000000
38.0800943,89628.3806742,43138.4979317,0.6012666,0.0065762,9.7222222,0.0000000
39.1361026,89627.7738198,43139.3621545,0.6049961,-0.0475597,9.7222222,0.0000000
40.1695524,89627.1923079,43140.2164745,0.5018926,-0.0659374,9.7222222,0.0000000
41.2868400,89626.7435135,43141.2396631,0.4631821,0.0082219,9.7222222,0.0000000
42.2736579,89626.2535208,43142.0962358,0.5191924,0.0516081,9.7222222,0.0000000
43.3026544,89625.7433087,43142.9898338,0.5672145,0.0195729,9.7222222,0.0000000
44.3885493,89625.1184836,43143.8779562,0.5605869,-0.0258650,9.7222222,0.0000000
45.4162460,89624.6211837,43144.7773189,0.5125464,-0.0182063,9.7222222,0.0000000
46.5004337,89624.0828469,43145.7184122,0.5221374,0.0090351,9.7222222,0.0000000
47.6213174,89623.5214432,43146.6885700,0.5324695,0.0090570,9.7222222,0.0000000
48.7407456,89622.9455600,43147.6485064,0.5424279,0.0095233,9.7222222,0.0000000
49.8928578,89622.3488382,43148.6340446,0.5541020,0.0169887,9.7222222,0.0000000
51.0362065,89621.7377915,43149.6004132,0.5814247,0.0366341,9.7222222,0.0000000
52.1946498,89621.0848522,43150.5573151,0.6384261,0.0022496,9.7222222,0.0000000
53.2461707,89620.4219426,43151.3735546,0.5863962,-0.0198823,9.7222222,0.0000000
54.4090363,89619.8645631,43152.3941351,0.5943991,0.0483541,9.7222222,0.0000000
55.5481829,89619.1386654,43153.2720461,0.6977080,0.0711646,9.7222222,0.0000000
56.6180212,89618.4454072,43154.0868754,0.7516007,0.0110314,9.7222222,0.0000000
57.7142425,89617.6612301,43154.8528828,0.7216026,-0.0367680,9.7222222,0.0000000
58.7951555,89617.0113740,43155.7166305,0.6715517,-0.0409828,9.7222222,0.0000000
59.9125299,89616.2939181,43156.5732416,0.6315105,-0.0616978,9.7222222,0.0000000
60.9794674,89615.7247484,43157.4756835,0.5367844,-0.0844596,9.7222222,0.0000000
61.9677158,89615.2433275,43158.3387413,0.4579304,-0.0875711,9.7222222,0.0000000
62.9963272,89614.8342183,43159.2824952,0.3601658,-0.0908516,9.7222222,0.0000000
63.9944267,89614.5299341,43160.2330811,0.2738005,-0.1041900,9.7222222,0.0000000
64.8960335,89614.3209207,43161.1101263,0.1622354,-0.1376536,9.7222222,0.0000000
65.7427991,89614.2483018,43161.9537722,0.0331308,-0.0878131,9.7222222,0.0000000
66.5993685,89614.2645756,43162.8101870,0.0126602,-0.1817883,9.7222222,0.0000000
67.1866369,89614.2300364,43163.3964388,-0.2293419,-0.3873025,9.7222222,0.0000000
67.9238985,89614.5558323,43164.0578099,-0.5003335,-0.2708497,9.7222222,0.0000000
68.7474608,89614.9781834,43164.7648278,-0.6520906,-0.2499629,9.7222222,0.0000000
69.4108337,89615.4509495,43165.2301836,-0.8720121,-0.3492391,9.7222222,0.0000000
69.9800547,89615.9184815,43165.5548777,-1.0825606,-0.3231106,9.7222222,0.0000000
70.6749251,89616.5609063,43165.8197083,-1.2804534,-0.2358839,9.7222222,0.0000000
71.4022933,89617.2746034,43165.9600684,-1.4180438,-0.1446008,9.7222222,0.0000000
72.1256735,89617.9935247,43166.0402625,-1.4902328,-0.1174249,9.7222222,0.0000000
72.7968741,89618.6639630,43166.0722429,-1.5818024,-0.1767256,9.7222222,0.0000000
73.4532144,89619.3186494,43166.0256775,-1.7248433,-0.1953455,9.7222222,0.0000000
74.1529583,89619.9996580,43165.8648399,-1.8467073,-0.2354901,9.7222222,0.0000000
74.7851391,89620.5988252,43165.6632183,-2.0384984,-0.1947576,9.7222222,0.0000000
75.4906196,89621.1827320,43165.2672947,-2.1072270,-0.0672090,9.7222222,0.0000000
76.2512640,89621.8569533,43164.9151503,-2.1370353,-0.1162270,9.7222222,0.0000000
77.0535583,89622.4972294,43164.4317015,-2.2888827,-0.1633187,9.7222222,0.0000000
77.9011122,89623.0964057,43163.8322557,-2.4064864,-0.1101789,9.7222222,0.0000000
78.8192384,89623.6800412,43163.1235066,-2.4834234,-0.1178581,9.7222222,0.0000000
79.8451063,89624.2849856,43162.2949855,-2.6356018,-0.0542304,9.7222222,0.0000000
81.0036881,89624.7315133,43161.2259089,-2.6018869,0.0420554,9.7222222,0.0000000
82.1349625,89625.4492209,43160.3514504,-2.5393010,-0.0088346,9.7222222,0.0000000
83.3624909,89626.0634087,43159.2886244,-2.6227261,-0.0410154,9.7222222,0.0000000
84.6044984,89626.6738385,43158.2069783,-2.6405901,-0.0169421,9.7222222,0.0000000
85.8972486,89627.2807701,43157.0655594,-2.6656703,-0.0182834,9.7222222,0.0000000
87.1502041,89627.8400767,43155.9443665,-2.6871342,-0.0155957,9.7222222,0.0000000
88.3802384,89628.3707045,43154.8346735,-2.7043943,-0.0140143,9.7222222,0.0000000
89.5827807,89628.8699958,43153.7406826,-2.7212251,-0.0129138,9.7222222,0.0000000
90.7545228,89629.3396103,43152.6671641,-2.7350554,0.0137539,9.7222222,0.0000000
91.9873639,89629.8208275,43151.5321191,-2.6881526,0.0575584,9.7222222,0.0000000
93.0712943,89630.3529090,43150.5877705,-2.6017058,0.0298179,9.7222222,0.0000000
94.1146903,89630.9139486,43149.7080491,-2.6247202,-0.0277764,9.7222222,0.0000000
95.1458244,89631.3767258,43148.7865965,-2.6593288,-0.0014012,9.7222222,0.0000000
96.1833229,89631.8732163,43147.8756079,-2.6276187,0.0372931,9.7222222,-5.3015125
97.1730241,89632.3732644,43147.0215233,-2.5837282,0.0412404,9.1666667,0.0000000
98.1831898,89632.9314851,43146.1796062,-2.5451434,0.0271220,9.1666667,0.0000000
99.1953492,89633.5091532,43145.3484828,-2.5288786,0.0008172,9.1666667,0.0000000
100.2122671,89634.0983705,43144.5196614,-2.5434853,-0.0263407,9.1666667,0.0000000
101.2183379,89634.6480284,43143.6770139,-2.5821655,-0.0155614,9.1666667,0.0000000
102.2191719,89635.1632520,43142.8189852,-2.5747155,0.0151436,9.1666667,0.0000000
103.2401474,89635.7333780,43141.9720216,-2.5515479,0.0041769,9.1666667,0.0000000
104.2281550,89636.2810431,43141.1496945,-2.5663242,-0.0054749,9.1666667,0.0000000
105.2627942,89636.8337403,43140.2750493,-2.5626217,0.0201732,9.1666667,0.0000000
106.2774944,89637.4022298,43139.4345517,-2.5249824,0.1006724,9.1666667,0.0000000
107.2762172,89637.9977642,43138.6328124,-2.3599255,0.0763320,9.1666667,0.0000000
108.3307744,89638.8347534,43137.9912985,-2.3682514,-0.0016628,9.1666667,0.0000000
109.2898824,89639.3884628,43137.2081677,-2.3632738,0.1280680,9.1666667,0.0000000
110.2444466,89640.1604427,43136.6467053,-2.1231713,0.2249786,9.1666667,0.0000000
111.1317110,89640.9514497,43136.2447774,-1.9489017,0.2260180,9.1666667,0.0000000
112.0123896,89641.7965048,43135.9968328,-1.7235843,0.2799789,9.1666667,0.0000000
112.8976720,89642.6815944,43135.9783557,-1.4544699,0.2974037,9.1666667,0.0000000
113.7749851,89643.5305867,43136.1994672,-1.1993819,0.2598069,9.1666667,0.0000000
114.7030628,89644.3530820,43136.6293854,-0.9854169,0.2184646,9.1666667,0.0000000
115.6855589,89645.1149692,43137.2497293,-0.7819893,0.2024631,9.1666667,0.0000000
116.6220697,89645.6975088,43137.9830097,-0.5968888,0.1586729,9.1666667,0.0000000
117.6709046,89646.2281168,43138.8877250,-0.4669687,0.1285070,9.1666667,0.0000000
118.7267501,89646.6431028,43139.8585990,-0.3264225,0.1417837,9.1666667,0.0000000
119.7533241,89646.8937962,43140.8540924,-0.1717156,0.1365110,9.1666667,0.0000000
120.8304085,89647.0015986,43141.9257684,-0.0392500,0.1180981,9.1666667,0.0000000
121.8549245,89646.9761015,43142.9499670,0.0764794,0.1054942,9.1666667,0.0000000
122.8950684,89646.8440552,43143.9816952,0.1785596,0.0959651,9.1666667,0.0000000
123.9665610,89646.6015272,43145.0253794,0.2791228,0.0940559,9.1666667,0.0000000
125.0012669,89646.2645463,43146.0036739,0.3766600,0.0868115,9.1666667,0.0000000
126.0173447,89645.8479900,43146.9304398,0.4571544,0.0594059,9.1666667,0.0000000
127.0277906,89645.3705885,43147.8209950,0.4970475,0.0417062,9.1666667,0.0000000
128.0924547,89644.8585220,43148.7544282,0.5436993,0.0493049,9.1666667,0.0000000
129.0801638,89644.3098914,43149.5757526,0.5982396,0.0337509,9.1666667,0.0000000
130.0549905,89643.7532927,43150.3760557,0.6099367,0.0059955,9.1666667,0.0000000
131.0292245,89643.1934419,43151.1733630,0.6099251,-0.0026122,9.1666667,0.0000000
132.0157939,89642.6301354,43151.9833044,0.6048146,-0.0053246,9.1666667,0.0000000
132.9938432,89642.0763455,43152.7894664,0.5994642,0.0111364,9.1666667,0.0000000
133.9713019,89641.5268407,43153.5978413,0.6265920,0.0143696,9.1666667,0.0000000
134.9848873,89640.9093144,43154.4015929,0.6280747,-0.0137113,9.1666667,0.0000000
135.9786211,89640.3478039,43155.2214787,0.5990690,-0.0159083,9.1666667,0.0000000
136.9755413,89639.7868379,43156.0455946,0.5964068,0.0230513,9.1666667,0.0000000
137.9826826,89639.2221770,43156.8795561,0.6452652,0.0286181,9.1666667,0.0000000
139.0730225,89638.5268522,43157.7194159,0.6564327,-0.0109806,9.1666667,0.0000000
140.1062408,89637.9270226,43158.5606914,0.6219473,-0.0207387,9.1666667,0.0000000
141.1480718,89637.3178932,43159.4058974,0.6133988,0.0013106,9.1666667,0.0000000
142.1850017,89636.7304578,43160.2603816,0.6246716,0.0220908,9.1666667,0.0000000
143.2402685,89636.0946135,43161.1025752,0.6596170,0.0221823,9.1666667,0.0000000
144.3422032,89635.4085998,43161.9649239,0.6725234,0.0099335,9.1666667,0.0000000
145.4310924,89634.7298138,43162.8163517,0.6813796,0.0101435,9.1666667,0.0000000
146.5508245,89634.0175130,43163.6803121,0.6949266,0.0085367,9.1666667,0.0000000
147.6346904,89633.3188075,43164.5089109,0.7001910,0.0017452,9.1666667,0.0000000
148.7528655,89632.5985977,43165.3642548,0.6987696,-0.0020876,9.1666667,0.0000000
149.8703284,89631.8806758,43166.2205909,0.6955240,-0.0131978,9.1666667,0.0000000
150.9765555,89631.1736877,43167.0714177,0.6694218,-0.0198779,9.1666667,0.0000000
152.0574129,89630.5239152,43167.9351587,0.6520493,-0.0058501,9.1666667,-6.7165489
153.1430399,89629.8590620,43168.7933872,0.6567476,0.0035211,8.3333333,0.0000000
154.1936802,89629.2196332,43169.6270393,0.6595713,0.0127604,8.3333333,0.0000000
155.2092822,89628.5929321,43170.4262221,0.6831137,0.0414689,8.3333333,0.0000000
156.1792577,89627.9665295,43171.1668112,0.7419110,-0.0031557,8.3333333,0.0000000
157.1375924,89627.2910239,43171.8465889,0.6770284,-0.0164411,8.3333333,0.0000000
157.9837267,89626.8431501,43172.5644693,0.7122435,0.1265510,8.3333333,0.0000000
158.7154950,89626.2740204,43173.0244435,0.8767136,0.0908197,8.3333333,0.0000000
159.4582220,89625.7099080,43173.5075796,0.8461568,-0.0335161,8.3333333,0.0000000
160.1179711,89625.2240919,43173.9539557,0.8297080,-0.0351317,8.3333333,0.0000000
160.7674061,89624.7440800,43174.3913964,0.8001630,-0.0754212,8.3333333,0.0000000
161.4022575,89624.3031261,43174.8481195,0.7328457,-0.1078833,8.3333333,0.0000000
162.0691603,89623.8737302,43175.3583924,0.6597255,-0.1082348,8.3333333,0.0000000
162.7919436,89623.4520104,43175.9453917,0.5824333,-0.0866903,8.3333333,0.0000000
163.5602541,89623.0541770,43176.6026814,0.5304621,0.0174487,8.3333333,0.0000000
164.3319549,89622.6729434,43177.2736382,0.6093045,0.0480261,8.3333333,0.0000000
165.1658651,89622.1389329,43177.9141372,0.6075734,-0.0700970,8.3333333,0.0000000
166.0469653,89621.6974207,43178.6766361,0.4890874,-0.1031345,8.3333333,0.0000000
166.8739274,89621.3369972,43179.4209218,0.4314133,-0.0785852,8.3333333,0.0000000
167.6631047,89621.0217594,43180.1444036,0.3620828,-0.0988425,8.3333333,0.0000000
168.4858419,89620.7666733,43180.9265977,0.2720876,-0.1389440,8.3333333,0.0000000
169.2872360,89620.5857030,43181.7072911,0.1364196,-0.2030577,8.3333333,0.0000000
170.0317655,89620.5573766,43182.4512815,-0.0418240,-0.2366883,8.3333333,0.0000000
170.8001346,89620.6487646,43183.2141965,-0.2216658,-0.2249175,8.3333333,0.0000000
171.6383176,89620.9088877,43184.0109943,-0.4031656,-0.1883201,8.3333333,0.0000000
172.5023227,89621.3141029,43184.7740838,-0.5422220,-0.1537245,8.3333333,0.0000000
173.3655079,89621.7988842,43185.4882796,-0.6686770,-0.1939543,8.3333333,0.0000000
174.1242496,89622.3166219,43186.0429297,-0.8568017,-0.1997304,8.3333333,0.0000000
175.1627065,89623.1515736,43186.6603829,-1.0276322,-0.1308772,8.3333333,0.0000000
176.3542271,89624.2183764,43187.1910928,-1.1486548,-0.0934803,8.3333333,0.0000000
177.5026090,89625.2843382,43187.6183005,-1.2463670,-0.0815597,8.3333333,0.0000000
178.6911120,89626.4299081,43187.9348585,-1.3392504,-0.0844883,8.3333333,0.0000000
179.9135040,89627.6292411,43188.1711690,-1.4500594,-0.1318126,8.3333333,0.0000000
180.9260822,89628.6413137,43188.2031618,-1.6338477,-0.1558396,8.3333333,0.0000000
182.0359773,89629.7388481,43188.0379789,-1.7808247,-0.1079538,8.3333333,0.0000000
183.0889826,89630.7525851,43187.7530975,-1.8673410,-0.0800050,8.3333333,0.0000000
184.0265834,89631.6420225,43187.4564557,-1.9400831,-0.0966896,8.3333333,0.0000000
184.9914818,89632.5248934,43187.0671383,-2.0512929,-0.1239733,8.3333333,0.0000000
185.9895654,89633.3791541,43186.5509895,-2.1834404,-0.1401526,8.3333333,0.0000000
186.8363742,89634.0300047,43186.0092528,-2.3098594,-0.0740155,8.3333333,0.0000000
187.7050713,89634.6458385,43185.3965675,-2.3104144,-0.0003724,8.3333333,0.0000000
188.6296921,89635.3536132,43184.8016065,-2.3105273,-0.0086149,8.3333333,0.0000000
189.5554130,89636.0114620,43184.1503046,-2.3263548,0.0281024,8.3333333,0.0000000
190.4749344,89636.6963270,43183.5367254,-2.2586715,0.1176796,8.3333333,0.0000000
191.3544162,89637.4000429,43183.0092102,-2.1146489,0.1513250,8.3333333,0.0000000
192.3349476,89638.2809350,43182.5785469,-1.9772051,0.1527260,8.3333333,0.0000000
193.3528969,89639.2336768,43182.2200724,-1.8094290,0.1237661,8.3333333,0.0000000
194.4600969,89640.3319303,43182.0796054,-1.7141837,0.0654478,8.3333333,0.0000000
195.7118629,89641.5681639,43181.8830234,-1.6550397,0.1041957,8.3333333,0.0000000
197.0115298,89642.8677124,43181.8654757,-1.4483353,0.1570189,8.3333333,0.0000000
198.1673036,89643.9799082,43182.1798535,-1.2694891,0.0664273,8.3333333,0.0000000
199.4858351,89645.2298578,43182.5995576,-1.2839738,-0.0050841,8.3333333,0.0000000
200.7879358,89646.4917276,43182.9207287,-1.2828126,0.0389593,8.3333333,0.0000000
201.9927528,89647.6315860,43183.3109935,-1.1863060,0.0696835,8.3333333,0.0000000
203.1294464,89648.6588527,43183.7976098,-1.1196480,0.0340721,8.3333333,0.0000000
204.1802546,89649.6001400,43184.2647031,-1.1117733,0.0248513,8.3333333,0.0000000
205.1723826,89650.4903135,43184.7027775,-1.0688783,0.0076048,8.3333333,0.0000000
206.2085663,89651.3765902,43185.2396110,-1.0963483,-0.0547820,8.3333333,0.0000000
207.1337831,89652.2302588,43185.5963688,-1.1763279,-0.0668362,8.3333333,0.0000000
207.9599152,89652.9934355,43185.9126844,-1.2134018,-0.0625119,8.3333333,0.0000000
208.8126828,89653.8021099,43186.1833470,-1.2812791,-0.0731063,8.3333333,0.0000000
209.7523155,89654.7103666,43186.4241361,-1.3444375,0.0019988,8.3333333,0.0000000
210.7015304,89655.6417936,43186.6070368,-1.2775037,-0.0225729,8.3333333,0.0000000
211.3607593,89656.2391657,43186.8858368,-1.3807448,-0.1949789,8.3333333,0.0000000
212.2816662,89657.1599771,43186.8990947,-1.5855968,-0.1844636,8.3333333,0.0000000
213.2167313,89658.0941554,43186.8583801,-1.7231040,-0.0930990,8.3333333,0.0000000
214.0982546,89658.9442820,43186.6252103,-1.7547193,-0.0032626,8.3333333,0.0000000
214.8987480,89659.7414158,43186.5519480,-1.7285918,-0.1562823,8.3333333,0.0000000
215.6288623,89660.4522489,43186.3852652,-1.9939262,-0.4854935,8.3333333,0.0000000
216.2172807,89660.9159455,43186.0230199,-2.3687308,-0.4452805,8.3333333,0.0000000
216.9440808,89661.3637823,43185.4505860,-2.5795673,-0.2793779,8.3333333,0.0000000
217.7637387,89661.7362685,43184.7204537,-2.8007770,-0.2262175,8.3333333,0.0000000
218.6636099,89661.9340659,43183.8425902,-2.9685548,-0.1889748,8.3333333,0.0000000
219.3015503,89662.0006014,43183.2081291,-3.0913846,-0.1111136,8.3333333,0.0000000
220.2709821,89662.0146568,43182.2387991,3.1360296,-0.0779840,8.3333333,0.0000000
221.2167756,89661.9899491,43181.2933284,3.0424437,-0.1442839,8.3333333,0.0000000
222.0737858,89661.8367283,43180.4501262,2.8759139,-0.1944956,8.3333333,0.0000000
222.9517742,89661.5360410,43179.6252319,2.7049941,-0.1478635,8.3333333,0.0000000
223.7426792,89661.1339879,43178.9441415,2.6291455,-0.0832393,8.3333333,0.0000000
224.6858694,89660.6859487,43178.1141605,2.5606493,-0.1254013,8.3333333,0.0000000
225.6344048,89660.0995956,43177.3685671,2.3919208,-0.1596638,8.3333333,0.0000000
226.6120198,89659.3778838,43176.7091255,2.2531127,-0.1412956,8.3333333,0.0000000
227.6881522,89658.5080901,43176.0754695,2.1017353,-0.1593360,8.3333333,0.0000000
228.6379506,89657.6404897,43175.6889641,1.9303091,-0.1275531,8.3333333,0.0000000
229.6462724,89656.6782194,43175.3877187,1.8519709,-0.0550866,8.3333333,0.0000000
230.6859468,89655.6733889,43175.1208133,1.8174918,-0.0011674,8.3333333,0.0000000
231.8012913,89654.5886073,43174.8615023,1.8494552,0.0758181,8.3333333,0.0000000
232.8456050,89653.5991871,43174.5273783,1.9812330,0.0324070,8.3333333,0.0000000
233.7563854,89652.8032727,43174.0846130,1.9128138,-0.0424324,8.3333333,0.0000000
235.0936197,89651.5010923,43173.7804389,1.8858444,0.0271087,8.3333333,0.0000000
236.1967432,89650.4933228,43173.3317943,1.9789688,0.0661287,8.3333333,0.0000000
237.3732624,89649.4088390,43172.8756228,2.0365943,0.1030192,8.3333333,0.0000000
238.5129891,89648.4287256,43172.2939402,2.2175865,0.1188840,8.3333333,0.0000000
239.7692403,89647.5075018,43171.4398244,2.3214376,0.0968237,8.3333333,0.0000000
240.7419022,89646.7988390,43170.7735901,2.4333982,0.1530921,8.3333333,0.0000000
241.7210928,89646.2452480,43169.9659075,2.6202507,0.1880983,8.3333333,0.0000000
242.8081283,89645.7726961,43168.9869586,2.8220519,0.2318089,8.3333333,1.1239032
243.8465206,89645.5835015,43167.9659473,3.1129439,0.2361009,8.4722222,0.0000000
244.9293192,89645.7126296,43166.8908758,-2.9603184,0.1603373,8.4722222,0.0000000
246.0624656,89645.9822718,43165.7902788,-2.8149428,0.1608756,8.4722222,0.0000000
247.0928769,89646.4040070,43164.8501262,-2.6122548,0.2034949,8.4722222,0.0000000
247.9519133,89646.9297399,43164.1707526,-2.4304498,0.1431119,8.4722222,0.0000000
248.9691063,89647.6271944,43163.4303211,-2.3437440,0.0882407,8.4722222,0.0000000
249.9052937,89648.3267170,43162.8081355,-2.2580821,0.0861581,8.4722222,0.0000000
250.8857917,89649.1076237,43162.2152096,-2.1786060,0.0893191,8.4722222,0.0000000
251.9163212,89649.9762120,43161.6606419,-2.0784590,0.1389022,8.4722222,0.0000000
252.8762552,89650.8436322,43161.2494784,-1.9021262,0.1492793,8.4722222,0.0000000
253.8808530,89651.8229106,43161.0253564,-1.7851951,0.0756644,8.4722222,0.0000000
254.9886341,89652.9075422,43160.8000715,-1.7422942,0.0607489,8.4722222,0.0000000
256.0491065,89653.9581193,43160.6555398,-1.6534762,0.0785547,8.4722222,0.0000000
257.1285876,89655.0371276,43160.6235954,-1.5741909,0.0953112,8.4722222,0.0000000
258.1975524,89656.1058081,43160.6482493,-1.4487053,0.0993659,8.4722222,0.0000000
259.2501679,89657.1324382,43160.8806927,-1.3633781,0.0623117,8.4722222,0.0000000
260.4042672,89658.2649951,43161.1026392,-1.3112012,0.0876408,8.4722222,0.0000000
261.4582651,89659.2614506,43161.4461330,-1.1698587,0.1400167,8.4722222,0.0000000
262.4365110,89660.1312782,43161.8937545,-1.0266531,0.1474515,8.4722222,0.0000000
263.5724438,89661.0665879,43162.5383777,-0.8581198,0.1345437,8.4722222,0.0000000
264.5721523,89661.7361881,43163.2807069,-0.7393160,0.0358668,8.4722222,0.0000000
265.6613868,89662.4740626,43164.0819390,-0.7831962,0.0284602,8.4722222,0.0000000
266.6005715,89663.1660769,43164.7169068,-0.6815868,0.1400267,8.4722222,0.0000000
267.5299543,89663.6385168,43165.5172523,-0.5215468,0.0601868,8.4722222,0.0000000
268.4812868,89664.1030277,43166.3474711,-0.5683926,-0.0124958,8.4722222,0.0000000
269.3811106,89664.6331649,43167.0745457,-0.5446784,0.0000300,8.4722222,-1.1885479
270.3630252,89665.0747865,43167.9515443,-0.5683361,-0.1116315,8.3333333,0.0000000
271.2467674,89665.6315352,43168.6378614,-0.7529445,-0.1693403,8.3333333,0.0000000
271.9838333,89666.1796921,43169.1305989,-0.8428043,-0.1196308,8.3333333,0.0000000
272.8335303,89666.8160635,43169.6936409,-0.9427701,-0.1709165,8.3333333,0.0000000
273.6549513,89667.5254591,43170.1077549,-1.1284258,-0.1795958,8.3333333,0.0000000
274.4580203,89668.2786267,43170.3864273,-1.2345216,-0.1173376,8.3333333,0.0000000
275.3169385,89669.0941187,43170.6560813,-1.3234395,-0.1466131,8.3333333,0.0000000
276.2322282,89669.9946522,43170.8197724,-1.4946437,-0.2138235,8.3333333,0.0000000
277.1194220,89670.8814253,43170.7924531,-1.7088528,-0.2252584,8.3333333,0.0000000
277.9204087,89671.6561232,43170.5889271,-1.8749205,-0.1608171,8.3333333,0.0000000
278.7154138,89672.4024667,43170.3150577,-1.9655156,-0.1382319,8.3333333,0.0000000
279.5034446,89673.1160664,43169.9807406,-2.0937466,-0.1480510,8.3333333,0.0000000
280.4030301,89673.8599283,43169.4748517,-2.2153689,-0.1113835,8.3333333,0.0000000
281.2736362,89674.5294429,43168.9183401,-2.2909166,-0.0683817,8.3333333,0.0000000
282.2138859,89675.2207495,43168.2810295,-2.3391983,-0.0539770,8.3333333,0.0000000
283.1965238,89675.9116726,43167.5823147,-2.3947083,-0.0733723,8.3333333,0.0000000
284.2106683,89676.5765636,43166.8165412,-2.4857068,-0.0822387,8.3333333,0.0000000
285.1757209,89677.1164930,43166.0166645,-2.5574749,-0.0597616,8.3333333,0.0000000
286.1982520,89677.6725956,43165.1585737,-2.6044880,-0.0567379,8.3333333,0.0000000
287.2212833,89678.1623543,43164.2603925,-2.6735358,-0.0669273,8.3333333,0.0000000
288.2148974,89678.5819567,43163.3597245,-2.7394566,-0.0679293,8.3333333,0.0000000
289.2188950,89678.9437463,43162.4231779,-2.8092322,-0.0706883,8.3333333,0.0000000
290.2487304,89679.2457902,43161.4386039,-2.8832247,-0.0702091,8.3333333,0.0000000
291.2756790,89679.4781922,43160.4379747,-2.9536372,-0.0922472,8.3333333,0.0000000
292.2445296,89679.6446794,43159.4811079,-3.0673315,-0.1096764,8.3333333,0.0000000
293.1648100,89679.6664841,43158.5585261,3.1223551,-0.0824660,8.3333333,0.0000000
294.1053985,89679.6889110,43157.6125030,3.0623954,-0.0817123,8.3333333,0.0000000
294.9882621,89679.6255720,43156.7201173,2.9733567,-0.0980023,8.3333333,0.0000000
295.8852744,89679.4897961,43155.8149693,2.8879635,-0.1123909,8.3333333,0.0000000
296.8114779,89679.2266215,43154.8955044,2.7684438,-0.1381110,8.3333333,0.0000000
297.7324637,89678.8050690,43154.0381474,2.6328464,-0.1378319,8.3333333,0.0000000
298.6549658,89678.2552123,43153.2651798,2.5143524,-0.1154212,8.3333333,0.0000000
299.6338627,89677.5897995,43152.5260186,2.4133846,-0.0986066,8.3333333,0.0000000
300.6078463,89676.8687341,43151.8579907,2.3217854,-0.0848525,8.3333333,0.0000000
301.5765138,89676.1207039,43151.2354454,2.2485458,-0.0711945,8.3333333,0.0000000
302.5467980,89675.3520633,43150.6369853,2.1837426,-0.0668830,8.3333333,0.0000000
303.5179708,89674.5622373,43150.0617675,2.1186952,-0.0669996,8.3333333,0.0000000
304.4727695,89673.7614455,43149.5228244,2.0547033,-0.0731857,8.3333333,0.0000000
305.3856725,89672.9562667,43149.0509758,1.9820062,-0.0846076,8.3333333,0.0000000
306.3087664,89672.0843341,43148.6648161,1.8993640,-0.0854842,8.3333333,0.0000000
307.2257982,89671.1731993,43148.4047063,1.8247045,-0.0736700,8.3333333,0.0000000
308.1014809,89670.2879602,43148.2579612,1.7672947,-0.0433423,8.3333333,0.0000000
308.9916880,89669.3944588,43148.1771772,1.7481668,-0.0120650,8.3333333,0.0000000
309.8650043,89668.5262624,43148.0876575,1.7460178,0.0013079,8.3333333,0.0000000
310.8101637,89667.5872553,43147.9846787,1.7505451,0.0265329,8.3333333,13.8099950
311.7180988,89666.6917060,43147.8473505,1.7951857,0.0226744,9.7222222,0.0000000
312.6361018,89665.7987979,43147.6377173,1.7919472,-0.0122719,9.7222222,0.0000000
313.6273841,89664.8202385,43147.4767832,1.7717551,0.0096944,9.7222222,0.0000000
314.5902437,89663.8704709,43147.3088902,1.8108915,0.0642810,9.7222222,0.0000000
315.4792924,89662.9913016,43147.1329913,1.8907977,0.1159664,9.7222222,0.0000000
316.3554086,89662.1261524,43146.8941927,2.0155914,0.1321430,9.7222222,0.0000000
317.3499231,89661.1695490,43146.5135882,2.1379885,0.1257544,9.7222222,0.0000000
318.2521119,89660.3307373,43146.0591798,2.2541102,0.1255935,9.7222222,0.0000000
319.1386275,89659.5607884,43145.4937831,2.3626381,0.1286298,9.7222222,0.0000000
320.0535855,89658.8693359,43144.7669351,2.4858335,0.1058872,9.7222222,0.0000000
321.0318812,89658.3215145,43143.8825404,2.5631094,0.0854686,9.7222222,0.0000000
321.9383542,89657.8970643,43143.0238136,2.6469220,0.1052526,9.7222222,0.0000000
322.9197358,89657.5916285,43142.0384274,2.7618111,0.1090053,9.7222222,0.0000000
323.9315000,89657.3801190,43141.0208029,2.8641854,0.1021104,9.7222222,0.0000000
324.9105750,89657.2543370,43140.0342755,2.9650966,0.0937667,9.7222222,0.0000000
325.8885035,89657.1861085,43139.0522754,3.0476870,0.0770048,9.7222222,0.0000000
326.8548678,89657.1636431,43138.0838774,3.1148165,0.0469925,9.7222222,0.0000000
327.8441856,89657.1807798,43137.0941916,3.1395895,-0.0009879,9.7222222,0.0000000
328.8347015,89657.1783863,43136.1037262,3.1128606,-0.0243577,9.7222222,0.0000000
329.8233816,89657.1292564,43135.1162855,3.0913808,-0.0218671,9.7222222,0.0000000
330.8276198,89657.0801288,43134.1132280,3.0692812,-0.0393232,9.7222222,0.0000000
331.8202472,89656.9850413,43133.1251432,3.0128577,-0.0582239,9.7222222,0.0000000
332.8480325,89656.8199402,43132.1107053,2.9516449,-0.0540498,9.7222222,0.0000000
333.8770354,89656.5968629,43131.1061738,2.9016888,-0.0465840,9.7222222,0.0000000
334.8814279,89656.3368997,43130.1360071,2.8569212,-0.0483567,9.7222222,0.0000000
335.8511519,89656.0425979,43129.2120206,2.8062269,-0.0522770,9.7222222,0.0000000
