s_m,x_m,y_m,psi_rad,kappa_radpm,vx_mps,ax_mps2
0.0000000,89656.3226952,43129.2040846,-1.6208042,7.8422258,9.7222222,0.0000000
0.8512164,89656.2101355,43128.3603431,-1.7618518,-0.1458626,9.7222222,0.0000000
1.7656313,89655.9879428,43127.4733341,-1.8783437,-0.1344995,9.7222222,0.0000000
2.6638607,89655.6624850,43126.6361404,-2.0056515,-0.1316025,9.7222222,0.0000000
3.5676375,89655.2303441,43125.8423729,-2.1154923,-0.1193957,9.7222222,0.0000000
4.4676265,89654.7288484,43125.0950562,-2.2210134,-0.1097951,9.7222222,0.0000000
5.3720960,89654.1399013,43124.4086114,-2.3136130,-0.1008684,9.7222222,0.0000000
6.2530429,89653.5219594,43123.7807459,-2.4011054,-0.1220810,9.7222222,0.0000000
7.1347338,89652.8406449,43123.2211126,-2.5287976,-0.1532379,9.7222222,0.0000000
8.0428443,89652.0618050,43122.7541297,-2.6753708,-0.1596711,9.7222222,0.0000000
9.0148565,89651.1654636,43122.3781246,-2.8289988,-0.1604896,9.7222222,0.0000000
9.9815868,89650.2236495,43122.1600564,-2.9865189,-0.1447427,9.7222222,0.0000000
11.0122600,89649.1968851,43122.0703790,-3.1181085,-0.1113848,9.7222222,0.0000000
12.0983232,89648.1115612,43122.1104466,-3.2222912,-0.0779161,9.7222222,0.0000000
13.1684013,89647.0498523,43122.2440185,-3.2861065,-0.0360653,9.7222222,0.0000000
14.2345990,89645.9979516,43122.4180367,-3.2993366,-0.0123887,9.7222222,0.0000000
15.3055607,89644.9392679,43122.5797396,-3.3125831,-0.0144092,9.7222222,0.0000000
16.3550180,89643.9088575,43122.7787744,-3.3298902,-0.0029113,9.7222222,0.0000000
17.3813692,89642.9001573,43122.9683024,-3.3186264,0.0137396,9.7222222,0.0000000
18.3900191,89641.9057396,43123.1371456,-3.3019301,-0.0042065,9.7222222,0.0000000
19.2395929,89641.0658353,43123.2649594,-3.3264430,-0.0309725,9.7222222,0.0000000
20.3043449,89640.0248859,43123.4888369,-3.3612216,-0.0424433,9.7222222,0.0000000
21.2766045,89639.0778220,43123.7087432,-3.4129004,-0.0903843,9.7222222,0.0000000
22.2055060,89638.1950516,43123.9978357,-3.5330566,-0.1512082,9.7222222,0.0000000
23.1632275,89637.3386724,43124.4266073,-3.6981732,-0.1872385,9.7222222,0.0000000
24.0825536,89636.6083950,43124.9850474,-3.8845122,-0.2084482,9.7222222,0.0000000
25.0863011,89635.9275935,43125.7226233,-4.0990344,-0.1884418,9.7222222,0.0000000
25.8485594,89635.6035305,43126.4125661,-4.2173014,-0.0536575,9.7222222,0.0000000
26.5886797,89635.2149518,43127.0424744,-4.1796483,0.0166445,9.7222222,0.0000000
27.3507645,89634.8407145,43127.7063417,-4.1922979,-0.0001109,9.7222222,0.0000000
28.1392307,89634.4444083,43128.3879723,-4.1798202,0.0112461,9.7222222,0.0000000
28.9836296,89634.0116440,43129.1130411,-4.1739346,0.0099241,9.7222222,0.0000000
29.8088936,89633.5881889,43129.8213817,-4.1632502,0.0189459,9.7222222,0.0000000
30.6603981,89633.1364953,43130.5432076,-4.1421667,-0.0152489,9.7222222,0.0000000
31.5614234,89632.6421946,43131.2965425,-4.1899744,-0.0031221,9.7222222,0.0000000
32.5085180,89632.2158202,43132.1422334,-4.1479367,0.0431094,9.7222222,0.0000000
33.4045178,89631.6611731,43132.8459252,-4.1105196,-0.0039975,9.7222222,0.0000000
34.4671786,89631.1088702,43133.7537851,-4.1557664,-0.0152681,9.7222222,0.0000000
35.5428097,89630.5315238,43134.6613386,-4.1431672,0.0094469,9.7222222,0.0000000
36.6507670,89629.9319709,43135.5930605,-4.1351383,0.0064053,9.7222222,0.0000000
37.7443156,89629.3301314,43136.5060982,-4.1290659,0.0052366,9.7222222,0.0000000
38.8439883,89628.7239436,43137.4236038,-4.1236532,0.0125111,9.7222222,0.0000000
39.9238704,89628.1198173,43138.3186885,-4.1017973,0.0170220,9.7222222,0.0000000
40.9788001,89627.5001228,43139.1724189,-4.0873144,-0.0365264,9.7222222,0.0000000
42.0490954,89626.8762302,43140.0420682,-4.1794241,-0.0571384,9.7222222,0.0000000
43.1788560,89626.3865220,43141.0601767,-4.2130220,0.0123506,9.7222222,0.0000000
44.1438452,89625.8746470,43141.8782159,-4.1535528,0.0546756,9.7222222,0.0000000
45.1505782,89625.3411154,43142.7319461,-4.1052169,0.0187196,9.7222222,0.0000000
46.2427581,89624.6784221,43143.6001019,-4.1142620,-0.0281633,9.7222222,0.0000000
47.2958494,89624.1349390,43144.5021149,-4.1656348,-0.0227793,9.7222222,0.0000000
48.3754684,89623.5695998,43145.4218806,-4.1628436,0.0020420,9.7222222,0.0000000
49.4909355,89622.9884477,43146.3739987,-4.1611524,0.0001347,9.7222222,0.0000000
50.6053992,89622.4016996,43147.3214987,-4.1625433,-0.0016287,9.7222222,0.0000000
51.7518395,89621.8070118,43148.3016372,-4.1648347,0.0038407,9.7222222,0.0000000
52.8805093,89621.2172788,43149.2639836,-4.1538052,0.0230253,9.7222222,0.0000000
54.0076145,89620.6115295,43150.2144750,-4.1128949,-0.0118712,9.7222222,0.0000000
55.0872640,89619.9728425,43151.0849472,-4.1800021,-0.0306167,9.7222222,0.0000000
56.2544031,89619.4764136,43152.1412484,-4.1816842,0.0472485,9.7222222,0.0000000
57.3459698,89618.8347178,43153.0242798,-4.0732816,0.0839187,9.7222222,0.0000000
58.3962971,89618.1988940,43153.8602915,-4.0019393,0.0332466,9.7222222,0.0000000
59.4983873,89617.4333916,43154.6531400,-4.0017211,-0.0044661,9.7222222,0.0000000
60.5921068,89616.7688386,43155.5218123,-4.0117460,-0.0053880,9.7222222,0.0000000
61.7237982,89616.0002187,43156.3524440,-4.0137116,-0.0313425,9.7222222,0.0000000
62.8271569,89615.3329379,43157.2311571,-4.0817980,-0.0700258,9.7222222,0.0000000
63.8601216,89614.7408351,43158.0775792,-4.1633094,-0.1028880,9.7222222,0.0000000
64.9581722,89614.2227233,43159.0457090,-4.3010539,-0.1394031,9.7222222,0.0000000
66.0321397,89613.8752331,43160.0619062,-4.4660954,-0.1768770,9.7222222,0.0000000
67.0248908,89613.7207199,43161.0425593,-4.6666089,-0.2018069,9.7222222,0.0000000
67.9558696,89613.7877679,43161.9711206,-4.8543173,-0.1262964,9.7222222,0.0000000
68.8339495,89613.9759538,43162.8287978,-4.8950865,-0.1582270,9.7222222,0.0000000
69.4575994,89614.0603935,43163.4467049,-5.0919314,-0.2906052,9.7222222,0.0000000
70.2364549,89614.4833081,43164.1007378,-5.3026619,-0.2007427,9.7222222,0.0000000
71.0660023,89614.9554996,43164.7827820,-5.4148066,-0.2023413,9.7222222,0.0000000
71.7340077,89615.4451881,43165.2371346,-5.6056786,-0.3126631,9.7222222,0.0000000
72.3042921,89615.9174919,43165.5567490,-5.8019741,-0.3071303,9.7222222,0.0000000
72.9993674,89616.5609063,43165.8197083,-5.9943089,-0.2309116,9.7222222,0.0000000
73.7267356,89617.2746034,43165.9600684,-6.1304328,-0.1435900,9.7222222,0.0000000
74.4501158,89617.9935247,43166.0402625,-6.2026218,-0.1174250,9.7222222,0.0000000
75.1213164,89618.6639630,43166.0722429,-6.2941914,-0.1767256,9.7222222,0.0000000
75.7776567,89619.3186494,43166.0256775,-6.4372323,-0.1953455,9.7222222,0.0000000
76.4774006,89619.9996580,43165.8648399,-6.5590963,-0.2354901,9.7222222,0.0000000
77.1095814,89620.5988252,43165.6632183,-6.7508874,-0.1947576,9.7222222,0.0000000
77.8150618,89621.1827320,43165.2672947,-6.8196160,-0.0672090,9.7222222,0.0000000
78.5757063,89621.8569533,43164.9151503,-6.8494243,-0.1162270,9.7222222,0.0000000
79.3780007,89622.4972294,43164.4317015,-7.0012717,-0.1633187,9.7222222,0.0000000
80.2255545,89623.0964057,43163.8322557,-7.1188753,-0.1101789,9.7222222,0.0000000
81.1436807,89623.6800412,43163.1235066,-7.1958123,-0.1178581,9.7222222,0.0000000
82.1695486,89624.2849856,43162.2949855,-7.3479908,-0.0542304,9.7222222,0.0000000
83.3281304,89624.7315133,43161.2259089,-7.3142759,0.0420554,9.7222222,0.0000000
84.4594048,89625.4492209,43160.3514504,-7.2516900,-0.0088346,9.7222222,0.0000000
85.6869331,89626.0634087,43159.2886244,-7.3351150,-0.0410154,9.7222222,0.0000000
86.9289407,89626.6738385,43158.2069783,-7.3529791,-0.0169422,9.7222222,0.0000000
88.2216909,89627.2807701,43157.0655594,-7.3780593,-0.0182834,9.7222222,0.0000000
89.4746464,89627.8400767,43155.9443665,-7.3995232,-0.0155957,9.7222222,0.0000000
90.7046807,89628.3707045,43154.8346735,-7.4167833,-0.0140143,9.7222222,0.0000000
91.9072229,89628.8699958,43153.7406826,-7.4336141,-0.0129139,9.7222222,0.0000000
93.0789651,89629.3396103,43152.6671641,-7.4474444,0.0137540,9.7222222,0.0000000
94.3118062,89629.8208275,43151.5321191,-7.4005416,0.0575584,9.7222222,0.0000000
95.3957366,89630.3529090,43150.5877705,-7.3140948,0.0298179,9.7222222,0.0000000
96.4391325,89630.9139486,43149.7080491,-7.3371092,-0.0277764,9.7222222,0.0000000
97.4702667,89631.3767258,43148.7865965,-7.3717178,-0.0014012,9.7222222,0.0000000
98.5077651,89631.8732163,43147.8756079,-7.3400077,0.0372931,9.7222222,-5.3015125
99.4974664,89632.3732644,43147.0215233,-7.2961171,0.0412404,9.1666667,0.0000000
100.5076321,89632.9314851,43146.1796062,-7.2575323,0.0271220,9.1666667,0.0000000
101.5197915,89633.5091532,43145.3484828,-7.2412676,0.0008171,9.1666667,0.0000000
102.5367093,89634.0983705,43144.5196614,-7.2558743,-0.0263407,9.1666667,0.0000000
103.5427802,89634.6480284,43143.6770139,-7.2945545,-0.0155613,9.1666667,0.0000000
104.5436142,89635.1632520,43142.8189852,-7.2871044,0.0151436,9.1666667,0.0000000
105.5645897,89635.7333780,43141.9720216,-7.2639369,0.0041769,9.1666667,0.0000000
106.5525972,89636.2810431,43141.1496945,-7.2787132,-0.0054749,9.1666667,0.0000000
107.5872365,89636.8337403,43140.2750493,-7.2750106,0.0201732,9.1666667,0.0000000
108.6019367,89637.4022298,43139.4345517,-7.2373714,0.1006724,9.1666667,0.0000000
109.6006595,89637.9977642,43138.6328124,-7.0723145,0.0763320,9.1666667,0.0000000
110.6552167,89638.8347534,43137.9912985,-7.0806404,-0.0016628,9.1666667,0.0000000
111.6143246,89639.3884628,43137.2081677,-7.0756627,0.1280680,9.1666667,0.0000000
112.5688889,89640.1604427,43136.6467053,-6.8355603,0.2249786,9.1666667,0.0000000
113.4561533,89640.9514497,43136.2447774,-6.6612907,0.2260180,9.1666667,0.0000000
114.3368318,89641.7965048,43135.9968328,-6.4359733,0.2799789,9.1666667,0.0000000
115.2221143,89642.6815944,43135.9783557,-6.1668589,0.2974037,9.1666667,0.0000000
116.0994273,89643.5305867,43136.1994672,-5.9117709,0.2598069,9.1666667,0.0000000
117.0275050,89644.3530820,43136.6293854,-5.6978059,0.2184646,9.1666667,0.0000000
118.0100011,89645.1149692,43137.2497293,-5.4943782,0.2024631,9.1666667,0.0000000
118.9465120,89645.6975088,43137.9830097,-5.3092777,0.1586729,9.1666667,0.0000000
119.9953469,89646.2281168,43138.8877250,-5.1793577,0.1285070,9.1666667,0.0000000
121.0511924,89646.6431028,43139.8585990,-5.0388115,0.1417837,9.1666667,0.0000000
122.0777664,89646.8937962,43140.8540924,-4.8841046,0.1365110,9.1666667,0.0000000
123.1548508,89647.0015986,43141.9257684,-4.7516390,0.1180981,9.1666667,0.0000000
124.1793667,89646.9761015,43142.9499670,-4.6359095,0.1054942,9.1666667,0.0000000
125.2195106,89646.8440552,43143.9816952,-4.5338293,0.0959651,9.1666667,0.0000000
126.2910033,89646.6015272,43145.0253794,-4.4332662,0.0940559,9.1666667,0.0000000
127.3257092,89646.2645463,43146.0036739,-4.3357290,0.0868115,9.1666667,0.0000000
128.3417870,89645.8479900,43146.9304398,-4.2552346,0.0594059,9.1666667,0.0000000
129.3522328,89645.3705885,43147.8209950,-4.2153415,0.0417062,9.1666667,0.0000000
130.4168969,89644.8585220,43148.7544282,-4.1686897,0.0493049,9.1666667,0.0000000
131.4046060,89644.3098914,43149.5757526,-4.1141494,0.0337509,9.1666667,0.0000000
132.3794328,89643.7532927,43150.3760557,-4.1024523,0.0059955,9.1666667,0.0000000
133.3536668,89643.1934419,43151.1733630,-4.1024639,-0.0026122,9.1666667,0.0000000
134.3402362,89642.6301354,43151.9833044,-4.1075744,-0.0053246,9.1666667,0.0000000
135.3182855,89642.0763455,43152.7894664,-4.1129248,0.0111364,9.1666667,0.0000000
136.2957442,89641.5268407,43153.5978413,-4.0857970,0.0143696,9.1666667,0.0000000
137.3093296,89640.9093144,43154.4015929,-4.0843143,-0.0137113,9.1666667,0.0000000
138.3030634,89640.3478039,43155.2214787,-4.1133200,-0.0159083,9.1666667,0.0000000
139.2999836,89639.7868379,43156.0455946,-4.1159822,0.0230513,9.1666667,0.0000000
140.3071249,89639.2221770,43156.8795561,-4.0671238,0.0286181,9.1666667,0.0000000
141.3974648,89638.5268522,43157.7194159,-4.0559563,-0.0109806,9.1666667,0.0000000
142.4306831,89637.9270226,43158.5606914,-4.0904417,-0.0207387,9.1666667,0.0000000
143.4725141,89637.3178932,43159.4058974,-4.0989902,0.0013106,9.1666667,0.0000000
144.5094440,89636.7304578,43160.2603816,-4.0877173,0.0220908,9.1666667,0.0000000
145.5647108,89636.0946135,43161.1025752,-4.0527719,0.0221459,9.1666667,0.0000000
146.6666455,89635.4085998,43161.9649239,-4.0399441,0.0096928,9.1666667,0.0000000
147.7555361,89634.7299474,43162.8164601,-4.0315367,0.0093926,9.1666667,0.0000000
148.8752764,89634.0184078,43163.6810580,-4.0191993,0.0066218,9.1666667,0.0000000
149.9591504,89633.3218667,43164.5114876,-4.0169449,-0.0024968,9.1666667,0.0000000
151.0773233,89632.6075023,43165.3717168,-4.0246975,-0.0101111,9.1666667,0.0000000
152.1947375,89631.9028366,43166.2389311,-4.0395492,-0.0267512,9.1666667,0.0000000
153.2994442,89631.2227191,43167.1094581,-4.0841419,-0.0402807,9.1666667,0.0000000
154.3796118,89630.6195289,43168.0055181,-4.1275575,-0.0314487,9.1666667,-6.7165489
155.4656697,89630.0268700,43168.9156154,-4.1522669,-0.0221040,8.3333333,0.0000000
156.5183443,89629.4834140,43169.8171582,-4.1748320,-0.0033717,8.3333333,0.0000000
157.5483455,89628.9604719,43170.7045330,-4.1592891,0.0485071,8.3333333,0.0000000
158.5633191,89628.4093634,43171.5568539,-4.0756361,0.0498898,8.3333333,0.0000000
159.5025088,89627.8010237,43172.2723957,-4.0617964,0.0951177,8.3333333,0.0000000
160.4069853,89627.2944228,43173.0216841,-3.9002709,0.2488635,8.3333333,0.0000000
161.2758943,89626.5456071,43173.4624539,-3.6204655,0.2205949,8.3333333,0.0000000
162.0307550,89625.8556448,43173.7686675,-3.5420757,0.0774951,8.3333333,0.0000000
162.6953170,89625.2387193,43174.0157414,-3.5104673,0.0064279,8.3333333,0.0000000
163.3575105,89624.6182255,43174.2470156,-3.5335475,-0.0868595,8.3333333,0.0000000
164.0241606,89624.0114045,43174.5230420,-3.6258900,-0.1624735,8.3333333,0.0000000
164.7530298,89623.3850479,43174.8957720,-3.7602823,-0.1969202,8.3333333,0.0000000
165.5708037,89622.7552120,43175.4173665,-3.9304552,-0.2023257,8.3333333,0.0000000
166.4346059,89622.2054144,43176.0836074,-4.1005083,-0.1464846,8.3333333,0.0000000
167.1848250,89621.8313561,43176.7339221,-4.1668844,-0.1146946,8.3333333,0.0000000
168.0567390,89621.3639718,43177.4699832,-4.2865582,-0.1582572,8.3333333,0.0000000
169.0564783,89621.0648037,43178.4239103,-4.4630871,-0.1313337,8.3333333,0.0000000
169.9247764,89620.9038665,43179.2771634,-4.5318944,-0.0526973,8.3333333,0.0000000
170.7317273,89620.7640752,43180.0719138,-4.5513681,-0.0241183,8.3333333,0.0000000
171.5679588,89620.6404435,43180.8989557,-4.5715251,-0.0584695,8.3333333,0.0000000
172.3778260,89620.5329722,43181.7016603,-4.6476147,-0.1377168,8.3333333,0.0000000
173.1284301,89620.5396900,43182.4522344,-4.7864282,-0.1954525,8.3333333,0.0000000
173.8984692,89620.6452244,43183.2150075,-4.9448282,-0.2059173,8.3333333,0.0000000
174.7370052,89620.9086957,43184.0110763,-5.1176616,-0.1820217,8.3333333,0.0000000
175.6010281,89621.3141029,43184.7740838,-5.2547309,-0.1525030,8.3333333,0.0000000
176.4642132,89621.7988842,43185.4882796,-5.3810660,-0.1938804,8.3333333,0.0000000
177.2229550,89622.3166219,43186.0429297,-5.5691907,-0.1997304,8.3333333,0.0000000
178.2614119,89623.1515736,43186.6603829,-5.7400212,-0.1308772,8.3333333,0.0000000
179.4529325,89624.2183764,43187.1910928,-5.8610438,-0.0934803,8.3333333,0.0000000
180.6013144,89625.2843382,43187.6183005,-5.9587559,-0.0815597,8.3333333,0.0000000
181.7898173,89626.4299081,43187.9348585,-6.0516394,-0.0844883,8.3333333,0.0000000
183.0122094,89627.6292411,43188.1711690,-6.1624484,-0.1318126,8.3333333,0.0000000
184.0247875,89628.6413137,43188.2031618,-6.3462367,-0.1558396,8.3333333,0.0000000
185.1346826,89629.7388481,43188.0379789,-6.4932137,-0.1079538,8.3333333,0.0000000
186.1876879,89630.7525851,43187.7530975,-6.5797300,-0.0800049,8.3333333,0.0000000
187.1252887,89631.6420225,43187.4564557,-6.6524720,-0.0966896,8.3333333,0.0000000
188.0901872,89632.5248934,43187.0671383,-6.7636819,-0.1239826,8.3333333,0.0000000
189.0882708,89633.3791541,43186.5509895,-6.8958477,-0.1405320,8.3333333,0.0000000
189.9350781,89634.0299819,43186.0092278,-7.0229480,-0.0759051,8.3333333,0.0000000
190.8038255,89634.6450298,43185.3956823,-7.0260671,-0.0049022,8.3333333,0.0000000
191.7282554,89635.3496390,43184.7972707,-7.0317385,-0.0170188,8.3333333,0.0000000
192.6541669,89635.9993889,43184.1376214,-7.0575577,0.0142157,8.3333333,0.0000000
193.5758403,89636.6701745,43183.5055387,-7.0054738,0.0940434,8.3333333,0.0000000
194.4649469,89637.3572216,43182.9412012,-6.8872658,0.1194937,8.3333333,0.0000000
195.4599722,89638.2160266,43182.4386781,-6.7803319,0.1185590,8.3333333,0.0000000
196.5177962,89639.1606833,43181.9626369,-6.6438821,0.1103475,8.3333333,0.0000000
197.6551791,89640.2592362,43181.6679823,-6.5380964,0.1059847,8.3333333,0.0000000
198.9605526,89641.5244513,43181.3466866,-6.3849872,0.1711518,8.3333333,0.0000000
200.3830250,89642.9461531,43181.3935002,-6.0712206,0.2053026,8.3333333,0.0000000
201.6299125,89644.0864138,43181.8980140,-5.8369606,0.0702783,8.3333333,0.0000000
202.9527585,89645.2633044,43182.5020422,-5.8906240,-0.0453996,8.3333333,0.0000000
204.2501882,89646.4991528,43182.8970137,-5.9559200,0.0009863,8.3333333,0.0000000
205.4561088,89647.6333794,43183.3066167,-5.8881550,0.0537975,8.3333333,0.0000000
206.5930657,89648.6588990,43183.7975143,-5.8298791,0.0292740,8.3333333,0.0000000
207.6438749,89649.6001400,43184.2647031,-5.8241103,0.0237950,8.3333333,0.0000000
208.6360029,89650.4903135,43184.7027775,-5.7812673,0.0075792,8.3333333,0.0000000
209.6721866,89651.3765902,43185.2396110,-5.8087373,-0.0547820,8.3333333,0.0000000
210.5974034,89652.2302588,43185.5963688,-5.8887168,-0.0668362,8.3333333,0.0000000
211.4235355,89652.9934355,43185.9126844,-5.9257908,-0.0625119,8.3333333,0.0000000
212.2763031,89653.8021099,43186.1833470,-5.9936680,-0.0731063,8.3333333,0.0000000
213.2159358,89654.7103666,43186.4241361,-6.0568265,0.0019988,8.3333333,0.0000000
214.1651507,89655.6417936,43186.6070368,-5.9898926,-0.0225729,8.3333333,0.0000000
214.8243797,89656.2391657,43186.8858368,-6.0931338,-0.1949441,8.3333333,0.0000000
215.7452865,89657.1599771,43186.8990947,-6.2979308,-0.1838585,8.3333333,0.0000000
216.6803628,89658.0941710,43186.8584819,-6.4343721,-0.0896165,8.3333333,0.0000000
217.5617279,89658.9446495,43186.6272011,-6.4607140,0.0071718,8.3333333,0.0000000
218.3627435,89659.7430592,43186.5626425,-6.4223064,-0.1375188,8.3333333,0.0000000
219.0996966,89660.4649324,43186.4143224,-6.6722135,-0.4504534,8.3333333,0.0000000
219.7034389,89660.9572876,43186.0649068,-7.0262272,-0.4102177,8.3333333,0.0000000
220.4473664,89661.4510097,43185.5084299,-7.2250514,-0.2590085,8.3333333,0.0000000
221.2985837,89661.8918423,43184.7802558,-7.4393834,-0.2193576,8.3333333,0.0000000
222.2312434,89662.1640817,43183.8882133,-7.6163584,-0.2073499,8.3333333,0.0000000
222.9035163,89662.2687330,43183.2241358,-7.7721660,-0.1515354,8.3333333,0.0000000
223.8927247,89662.2996094,43182.2354093,-7.8681318,-0.1177625,8.3333333,0.0000000
224.8673931,89662.2409738,43181.2625063,-8.0034372,-0.1714854,8.3333333,0.0000000
225.7634270,89662.0222687,43180.3935731,-8.1889299,-0.1958616,8.3333333,0.0000000
226.6690154,89661.6510307,43179.5675751,-8.3563059,-0.1335795,8.3333333,0.0000000
227.4701937,89661.2034886,43178.9030507,-8.4169191,-0.0643745,8.3333333,0.0000000
228.4151658,89660.7195080,43178.0914258,-8.4687134,-0.1080421,8.3333333,0.0000000
229.3684125,89660.1119292,43177.3569006,-8.6220067,-0.1457852,8.3333333,0.0000000
230.3476296,89659.3808600,43176.7054376,-8.7504380,-0.1333688,8.3333333,0.0000000
231.4240505,89658.5083239,43176.0750706,-8.8961646,-0.1554878,8.3333333,0.0000000
232.3739001,89657.6404897,43175.6889641,-9.0654983,-0.1263622,8.3333333,0.0000000
233.3822220,89656.6782194,43175.3877187,-9.1436034,-0.0549728,8.3333333,0.0000000
234.4218964,89655.6733889,43175.1208133,-9.1780825,-0.0011674,8.3333333,0.0000000
235.5372408,89654.5886073,43174.8615023,-9.1461191,0.0758181,8.3333333,0.0000000
236.5815546,89653.5991871,43174.5273783,-9.0143412,0.0324069,8.3333333,0.0000000
237.4923349,89652.8032727,43174.0846130,-9.0827605,-0.0424324,8.3333333,0.0000000
238.8295693,89651.5010923,43173.7804389,-9.1097299,0.0271087,8.3333333,0.0000000
239.9326927,89650.4933228,43173.3317943,-9.0166055,0.0661287,8.3333333,0.0000000
241.1092120,89649.4088390,43172.8756228,-8.9589800,0.1030192,8.3333333,0.0000000
242.2489387,89648.4287256,43172.2939402,-8.7779878,0.1188840,8.3333333,0.0000000
243.5051899,89647.5075018,43171.4398244,-8.6741367,0.0968237,8.3333333,0.0000000
244.4778517,89646.7988390,43170.7735901,-8.5621761,0.1530921,8.3333333,0.0000000
245.4570423,89646.2452480,43169.9659075,-8.3753235,0.1880983,8.3333333,0.0000000
246.5440778,89645.7726961,43168.9869586,-8.1735224,0.2318089,8.3333333,1.1239032
247.5824702,89645.5835015,43167.9659473,-7.8826303,0.2361009,8.4722222,0.0000000
248.6652688,89645.7126296,43166.8908758,-7.6727073,0.1603373,8.4722222,0.0000000
249.7984151,89645.9822718,43165.7902788,-7.5273317,0.1608756,8.4722222,0.0000000
250.8288265,89646.4040070,43164.8501262,-7.3246437,0.2034949,8.4722222,0.0000000
251.6878629,89646.9297399,43164.1707526,-7.1428388,0.1431119,8.4722222,0.0000000
252.7050559,89647.6271944,43163.4303211,-7.0561330,0.0882407,8.4722222,0.0000000
253.6412432,89648.3267170,43162.8081355,-6.9704711,0.0861250,8.4722222,0.0000000
254.6217413,89649.1076237,43162.2152096,-6.8910584,0.0876293,8.4722222,0.0000000
255.6522785,89649.9761497,43161.6605300,-6.7942455,0.1321587,8.4722222,0.0000000
256.6129684,89650.8413678,43161.2430101,-6.6279004,0.1343518,8.4722222,0.0000000
257.6184502,89651.8169401,43160.9995925,-6.5300868,0.0522958,8.4722222,0.0000000
258.7284945,89652.8927339,43160.7259756,-6.5172674,0.0250418,8.4722222,0.0000000
259.7989024,89653.9376797,43160.4938949,-6.4754843,0.0297635,8.4722222,0.0000000
260.8929636,89655.0165902,43160.3124503,-6.4528452,0.0422663,8.4722222,0.0000000
262.0224032,89656.1292461,43160.1184648,-6.3815051,0.0671239,8.4722222,0.0000000
263.1328454,89657.2394008,43160.0931972,-6.3024957,0.1004414,8.4722222,0.0000000
264.3999063,89658.5062936,43160.0725573,-6.1427052,0.1863556,8.4722222,0.0000000
265.6832056,89659.7340636,43160.4459713,-5.8272218,0.2469379,8.4722222,0.0000000
266.8708819,89660.6939188,43161.1454375,-5.5325277,0.2049895,8.4722222,0.0000000
268.1497598,89661.5254809,43162.1170512,-5.3216041,0.1251976,8.4722222,0.0000000
269.2205035,89662.0306134,43163.0611556,-5.2383606,-0.0121354,8.4722222,0.0000000
270.2949331,89662.6018271,43163.9711633,-5.3476367,-0.0371217,8.4722222,0.0000000
271.2328639,89663.2208854,43164.6757774,-5.3130629,0.0797257,8.4722222,0.0000000
272.1716132,89663.6548801,43165.5081829,-5.1980171,0.0224277,8.4722222,0.0000000
273.1230443,89664.1031424,43166.3473980,-5.2706705,-0.0318584,8.4722222,0.0000000
274.0228597,89664.6331649,43167.0745457,-5.2569949,-0.0053433,8.4722222,-1.1885479
275.0047742,89665.0747865,43167.9515443,-5.2807251,-0.1116704,8.3333333,0.0000000
275.8885164,89665.6315352,43168.6378614,-5.4653334,-0.1693403,8.3333333,0.0000000
276.6255824,89666.1796921,43169.1305989,-5.5551932,-0.1196308,8.3333333,0.0000000
277.4752793,89666.8160635,43169.6936409,-5.6551591,-0.1709165,8.3333333,0.0000000
278.2967003,89667.5254591,43170.1077549,-5.8408148,-0.1795958,8.3333333,0.0000000
279.0997693,89668.2786267,43170.3864273,-5.9469106,-0.1173376,8.3333333,0.0000000
279.9586875,89669.0941187,43170.6560813,-6.0358284,-0.1466131,8.3333333,0.0000000
280.8739772,89669.9946522,43170.8197724,-6.2070327,-0.2138235,8.3333333,0.0000000
281.7611711,89670.8814253,43170.7924531,-6.4212418,-0.2252584,8.3333333,0.0000000
282.5621578,89671.6561232,43170.5889271,-6.5873095,-0.1608171,8.3333333,0.0000000
283.3571628,89672.4024667,43170.3150577,-6.6779045,-0.1382319,8.3333333,0.0000000
284.1451936,89673.1160664,43169.9807406,-6.8061355,-0.1480510,8.3333333,0.0000000
285.0447791,89673.8599283,43169.4748517,-6.9277579,-0.1113835,8.3333333,0.0000000
285.9153852,89674.5294429,43168.9183401,-7.0033056,-0.0683817,8.3333333,0.0000000
286.8556349,89675.2207495,43168.2810295,-7.0515873,-0.0539770,8.3333333,0.0000000
287.8382728,89675.9116726,43167.5823147,-7.1070972,-0.0733723,8.3333333,0.0000000
288.8524173,89676.5765636,43166.8165412,-7.1980958,-0.0822387,8.3333333,0.0000000
289.8174699,89677.1164930,43166.0166645,-7.2698639,-0.0597616,8.3333333,0.0000000
290.8400010,89677.6725956,43165.1585737,-7.3168770,-0.0567379,8.3333333,0.0000000
291.8630323,89678.1623543,43164.2603925,-7.3859247,-0.0669273,8.3333333,0.0000000
292.8566464,89678.5819567,43163.3597245,-7.4518456,-0.0677591,8.3333333,0.0000000
293.8606441,89678.9437463,43162.4231779,-7.5212812,-0.0684198,8.3333333,0.0000000
294.8905065,89679.2457902,43161.4386039,-7.5910019,-0.0640105,8.3333333,0.0000000
295.9177695,89679.4781922,43160.4379747,-7.6529587,-0.0816251,8.3333333,0.0000000
296.8890121,89679.6446794,43159.4811079,-7.7541302,-0.0936371,8.3333333,0.0000000
297.8118515,89679.6664841,43158.5585261,-7.8303151,-0.0653256,8.3333333,0.0000000
298.7581403,89679.6889110,43157.6125030,-7.8762320,-0.0727831,8.3333333,0.0000000
299.6527711,89679.6255720,43156.7201173,-7.9643030,-0.1066416,8.3333333,0.0000000
300.5680459,89679.4897961,43155.8149693,-8.0692433,-0.1375816,8.3333333,0.0000000
301.5244332,89679.2266215,43154.8955044,-8.2218094,-0.1684778,8.3333333,0.0000000
302.4798218,89678.8050690,43154.0381474,-8.3913352,-0.1623726,8.3333333,0.0000000
303.4284109,89678.2552123,43153.2651798,-8.5309632,-0.1238362,8.3333333,0.0000000
304.4229628,89677.5897995,43152.5260186,-8.6319664,-0.0874923,8.3333333,0.0000000
305.4059159,89676.8687341,43151.8579907,-8.7039796,-0.0587864,8.3333333,0.0000000
306.3791126,89676.1207039,43151.2354454,-8.7469615,-0.0386771,8.3333333,0.0000000
307.3532598,89675.3520633,43150.6369853,-8.7792972,-0.0342261,8.3333333,0.0000000
308.3303476,89674.5622373,43150.0617675,-8.8137447,-0.0431058,8.3333333,0.0000000
309.2956078,89673.7614455,43149.5228244,-8.8630236,-0.0727674,8.3333333,0.0000000
310.2288570,89672.9562667,43149.0509758,-8.9518944,-0.1134331,8.3333333,0.0000000
311.1824742,89672.0843341,43148.6648161,-9.0770568,-0.1315804,8.3333333,0.0000000
312.1300098,89671.1731993,43148.4047063,-9.2020489,-0.1195195,8.3333333,0.0000000
313.0273293,89670.2879602,43148.2579612,-9.2975530,-0.0704156,8.3333333,0.0000000
313.9244752,89669.3944588,43148.1771772,-9.3284072,-0.0119256,8.3333333,0.0000000
314.7972746,89668.5262624,43148.0876575,-9.3186607,0.0186399,8.3333333,0.0000000
315.7419115,89667.5872553,43147.9846787,-9.2945303,0.0462014,8.3333333,13.8099950
316.6479290,89666.6917060,43147.8473505,-9.2331579,0.0357792,9.7222222,0.0000000
317.5651154,89665.7987979,43147.6377173,-9.2292976,-0.0119023,9.7222222,0.0000000
318.5568201,89664.8202385,43147.4767832,-9.2558780,-0.0049458,9.7222222,0.0000000
319.5213130,89663.8704709,43147.3088902,-9.2389725,0.0346619,9.7222222,0.0000000
320.4179061,89662.9913016,43147.1329913,-9.1913693,0.0791133,9.7222222,0.0000000
321.3154070,89662.1261524,43146.8941927,-9.0970359,0.1047801,9.7222222,0.0000000
322.3449457,89661.1695490,43146.5135882,-8.9894539,0.1196036,9.7222222,0.0000000
323.2989331,89660.3307373,43146.0591798,-8.8597990,0.1512236,9.7222222,0.0000000
324.2541791,89659.5607884,43145.4937831,-8.7007328,0.1788037,9.7222222,0.0000000
325.2573812,89658.8693359,43144.7669351,-8.5096213,0.1653800,9.7222222,0.0000000
326.2976995,89658.3215145,43143.8825404,-8.3627754,0.1395072,9.7222222,0.0000000
327.2555982,89657.8970643,43143.0238136,-8.2308556,0.1287843,9.7222222,0.0000000
328.2872362,89657.5916285,43142.0384274,-8.1065543,0.1014674,9.7222222,0.0000000
329.3266090,89657.3801190,43141.0208029,-8.0207155,0.0758812,9.7222222,0.0000000
330.3211226,89657.2543370,43140.0342755,-7.9522205,0.0607753,9.7222222,0.0000000
331.3054901,89657.1861085,43139.0522754,-7.9004483,0.0489074,9.7222222,0.0000000
332.2741487,89657.1636431,43138.0838774,-7.8567030,0.0275273,9.7222222,0.0000000
333.2639828,89657.1807798,43137.0941916,-7.8465363,-0.0117771,9.7222222,0.0000000
334.2544511,89657.1783863,43136.1037262,-7.8800252,-0.0286836,9.7222222,0.0000000
335.2431133,89657.1292564,43135.1162855,-7.9033049,-0.0222563,9.7222222,0.0000000
336.2473732,89657.0801288,43134.1132280,-7.9243803,-0.0365483,9.7222222,0.0000000
337.2401537,89656.9888161,43133.1246557,-7.9762933,-0.0487686,9.7222222,0.0000000
338.2684719,89656.8336494,43132.1081118,-8.0229464,-0.0331783,9.7222222,0.0000000
339.2988771,89656.6426701,43131.0955596,-8.0445981,-0.0150289,9.7222222,0.0000000
340.3069559,89656.4474330,43130.1065675,-8.0535825,0.0268877,9.7222222,0.0000000
341.2800938,89656.2498427,43129.1537006,-7.9913277,7.0607428,9.7222222,0.0000000
